Item,import_quantity_tonnes,weighted_import_distance_km,import_food_miles,import_countries,export_quantity_tonnes,weighted_export_distance_km,export_food_miles,export_countries,import_food_miles_billion,export_food_miles_billion
"Almonds, in shell",2585101.8000000003,11612.485777534643,30019457885.979206,77,5028.160000000001,3919.8433900187083,19709599.739956472,71,30.019457885979207,0.019709599739956472
"Lentils, dry",12240796.77,10938.245176035394,133892836220.28212,62,1438158.19,2371.778771105916,3410993064.534108,133,133.8928362202821,3.410993064534108
Refined sugar,1201196.68,9125.902697847192,10962004022.65709,51,53967707.35,3640.9610498458346,196494320410.82877,169,10.962004022657089,196.49432041082878
"Hazelnuts, in shell",89.61,8455.694312324918,757714.767327436,7,79.85,6102.350801048545,487272.71146372624,22,0.000757714767327436,0.0004872727114637262
Kiwi fruit,437089.35,8163.98913889607,3568392706.1271424,36,1110.33,1856.298622782826,2061104.0498344551,26,3.5683927061271423,0.002061104049834455
"Cashew nuts, in shell",18231074.82,8142.108524629458,148439389705.07947,92,200833.72999999998,3725.4556704795264,748197158.2520541,89,148.43938970507946,0.7481971582520541
"Chick peas, dry",8935068.540000001,8007.019114434332,71543264588.56087,78,3476048.7199999997,3595.8408133056687,12499317856.414928,150,71.54326458856087,12.499317856414928
Apples,4573645.57,7967.038848976503,36438411937.63928,79,612723.43,1309.225407238368,802193082.1662397,59,36.43841193763928,0.8021930821662397
Wheat,16318980.11,7413.376167206063,120978738220.58377,29,44791467.92,2754.372474541654,123372386333.16351,103,120.97873822058376,123.37238633316352
Soya beans,3476784.4399999995,7291.889690094468,25352328612.716866,43,1994657.8199999998,8853.795174783947,17660291782.061066,112,25.352328612716864,17.660291782061066
Grapes,129355.01000000001,7210.1876404434615,932673894.3314404,34,3311402.16,4175.3742620004905,13826343349.996832,96,0.9326738943314404,13.826343349996831
Tomatoes,373.88,5368.404635485929,2007139.125115479,8,2486887.0500000003,1168.0285378877054,2904755044.9033694,69,0.002007139125115479,2.904755044903369
Maize (corn),1921520.51,5106.994542088448,9813194757.08101,41,45397080.02,2945.04131171719,133696276090.23105,127,9.81319475708101,133.69627609023104
Rice,623.95,5013.589974572365,3128229.4646344273,15,4332053.3,1318.736733034149,5712837816.171803,122,0.0031282294646344275,5.712837816171803
"Coffee, green",1276565.99,4708.0355426981805,6010118053.51969,73,5015786.98,5870.201807308739,29443681795.071644,133,6.010118053519689,29.443681795071644
Palm oil,158603474.89,4588.871468070816,727810960659.607,82,64077.130000000005,4834.224635562216,309763240.4221227,65,727.8109606596071,0.3097632404221227
Tea leaves,558772.16,3844.18547377899,2148023820.6241097,80,5455933.22,4617.986559605224,25195426280.063652,182,2.14802382062411,25.195426280063653
"Mangoes, guavas and mangosteens",9232.26,3147.2763307621963,29056473.377442595,48,4412381.44,3870.9717237597765,17080203788.682447,151,0.029056473377442594,17.080203788682446
Bananas,34.29,2839.8218609294304,97377.49161127016,6,3172732.9299999997,2273.4614405735306,7213085977.592878,111,9.737749161127017e-05,7.213085977592878
Potatoes,24753.35,1349.7706181117458,33411344.529836383,11,5349947.13,1611.8231249195155,8623168501.230793,98,0.033411344529836386,8.623168501230793
