Year,Item,import_quantity_tonnes,weighted_import_distance_km,import_food_miles,import_food_miles_billion,source_countries,export_quantity_tonnes,weighted_export_distance_km,export_food_miles,export_food_miles_billion,destination_countries
2000,"Almonds, in shell",24366.0,11244.78933629546,273990536.9681752,0.2739905369681751,13.0,,,,,
2000,Apples,6586.0,10028.182905066822,66045612.61277009,0.06604561261277,19.0,2847.0,2794.353043307216,7955523.114295644,0.0079555231142956,17.0
2000,Bananas,,,,,,8610.0,2846.50288306275,24508389.823170274,0.0245083898231702,21.0
2000,"Cashew nuts, in shell",248958.0,7984.953446050325,1987918040.021797,1.9879180400217968,19.0,7485.0,9201.740972461172,68875031.17887187,0.0688750311788718,28.0
2000,"Chick peas, dry",63949.0,10324.969729261404,660271489.2165375,0.6602714892165374,14.0,2570.0,2725.8372387101585,7005401.703485108,0.0070054017034851,11.0
2000,"Coffee, green",790.0,4896.879748315543,3868535.001169279,0.0038685350011692,8.0,160824.0,6418.007071651646,1032169569.2913042,1.0321695692913042,70.0
2000,Grapes,33.0,3800.674022683775,125422.24274856456,0.0001254222427485,6.0,20141.0,4733.047041287732,95328300.45857622,0.0953283004585762,27.0
2000,Kiwi fruit,73.0,7014.051304687465,512025.74524218496,0.0005120257452421,6.0,,,,,
2000,"Lentils, dry",21020.0,3572.5717488506093,75095458.16083981,0.0750954581608398,5.0,177287.0,3173.882579574368,562688120.885001,0.562688120885001,43.0
2000,Maize (corn),28923.0,3906.756088542104,112995106.34890328,0.1129951063489032,3.0,32465.0,1915.2637265362168,62179036.88199827,0.0621790368819982,8.0
2000,"Mangoes, guavas and mangosteens",30.0,4754.807261299347,142644.21783898043,0.0001426442178389,6.0,39275.0,2604.134605968303,102277386.64940508,0.1022773866494051,49.0
2000,Palm oil,3054923.0,4363.141808382484,13329062262.68924,13.32906226268924,13.0,220.0,5634.9069951000765,1239679.5389220167,0.001239679538922,2.0
2000,Potatoes,1192.0,1229.4980301700796,1465561.6519627348,0.0014655616519627,2.0,25360.0,2259.9597193609184,57312578.48299289,0.0573125784829928,16.0
2000,Refined sugar,2759.0,4029.6982680793863,11117937.521631029,0.011117937521631,9.0,129632.0,2167.525358781767,280980647.309598,0.280980647309598,26.0
2000,Rice,,,,,,5395.0,4800.159920750435,25896862.7724486,0.0258968627724485,20.0
2000,Soya beans,132.0,10422.802612629404,1375809.9448670812,0.001375809944867,3.0,75018.0,4363.5100549058025,327341797.2989235,0.3273417972989235,17.0
2000,Tea leaves,7159.0,3548.0539652173966,25400518.336991344,0.0254005183369913,14.0,200249.0,4763.52580566214,953891279.058038,0.9538912790580378,85.0
2000,Tomatoes,,,,,,1133.0,2766.650226683336,3134614.7068322194,0.0031346147068322,8.0
2000,Wheat,4224.0,10354.14409830728,43735904.67124996,0.0437359046712499,1.0,796979.0,3114.5905351761494,2482263250.1341524,2.4822632501341526,16.0
2001,"Almonds, in shell",21335.0,11562.582587882813,246687699.51247972,0.2466876995124797,10.0,20.0,8229.882437593265,164597.64875186532,0.0001645976487518,2.0
2001,Apples,16948.0,10322.650114169928,174948274.13495195,0.1749482741349519,17.0,19298.0,1425.2291845714722,27504072.80386027,0.0275040728038602,8.0
2001,Bananas,,,,,,8100.0,2664.9242879956187,21585886.732764512,0.0215858867327645,23.0
2001,"Cashew nuts, in shell",161791.0,7385.5580014096895,1194916814.606075,1.1949168146060751,17.0,7798.0,9524.457233489946,74271717.50675459,0.0742717175067546,32.0
2001,"Chick peas, dry",516583.0,7997.131017549983,4131181932.439023,4.131181932439023,25.0,1426.0,3267.9146821753297,4660046.3367820205,0.004660046336782,10.0
2001,"Coffee, green",1141.0,3884.807553966472,4432565.419075744,0.0044325654190757,4.0,150386.0,6266.3566639808605,942372313.2694256,0.9423723132694256,69.0
2001,Grapes,244.0,5822.257766957994,1420630.8951377503,0.0014206308951377,6.0,14571.0,4543.951898034384,66209923.10625901,0.066209923106259,26.0
2001,Kiwi fruit,77.0,9656.238388227908,743530.3558935489,0.0007435303558935,3.0,,,,,
2001,"Lentils, dry",86974.0,8750.606561485927,761075255.078677,0.761075255078677,6.0,99543.0,2470.507848239509,245921762.73730543,0.2459217627373054,45.0
2001,Maize (corn),4252.0,5437.716007301655,23121168.46304664,0.0231211684630466,4.0,113504.0,1880.8009555203132,213478431.6553777,0.2134784316553776,17.0
2001,"Mangoes, guavas and mangosteens",19.0,1486.1471347812524,28236.795560843795,2.8236795560843794e-05,3.0,46232.0,2533.493911678831,117128490.52473572,0.1171284905247357,51.0
2001,Palm oil,2720685.0,4450.238892867023,12107698202.239916,12.107698202239916,14.0,25687.0,7868.551801334189,202119490.1208713,0.2021194901208713,8.0
2001,Potatoes,183.0,1251.160110719782,228962.30026172008,0.0002289623002617,2.0,11531.0,1178.2748978387087,13586687.84697815,0.0135866878469781,13.0
2001,Refined sugar,26578.0,690.4572398710735,18350972.52129339,0.0183509725212933,3.0,1025779.0,3425.419427243816,3513723314.658734,3.513723314658734,47.0
2001,Rice,,,,,,42328.0,4686.580640381857,198373585.3460832,0.1983735853460832,22.0
2001,Soya beans,57.0,11339.239814279874,646336.6694139529,0.0006463366694139,1.0,5805.0,4651.173564511656,27000062.541990165,0.0270000625419901,9.0
2001,Tea leaves,10200.0,4480.816904305857,45704332.42391975,0.0457043324239197,24.0,175881.0,4593.146218989546,807847150.1421003,0.8078471501421003,89.0
2001,Tomatoes,,,,,,1414.0,1878.7515575155835,2656554.702327035,0.002656554702327,8.0
2001,Wheat,1351.0,5903.90641163591,7976177.562120115,0.0079761775621201,2.0,2617381.0,2958.347614996939,7743122838.888303,7.743122838888302,31.0
2002,"Almonds, in shell",19037.0,11519.249927663195,219291960.8729243,0.2192919608729243,12.0,3.0,8866.320975671058,26598.962927013177,2.6598962927013176e-05,2.0
2002,Apples,18158.0,10126.058244440768,183868965.60255545,0.1838689656025554,13.0,15632.0,1349.387887220273,21093631.4530273,0.0210936314530273,7.0
2002,Bananas,6.0,1670.0002499768268,10020.00149986096,1.002000149986096e-05,2.0,8615.0,2425.921414147921,20899312.98288434,0.0208993129828843,24.0
2002,"Cashew nuts, in shell",399705.0,7663.081908444611,3062972154.2148533,3.062972154214853,22.0,7358.0,8595.397592482124,63244935.48548348,0.0632449354854834,31.0
2002,"Chick peas, dry",217396.0,6383.74013705036,1387799570.8342,1.3877995708342,25.0,2225.0,3365.6272095301224,7488520.541204522,0.0074885205412045,15.0
2002,"Coffee, green",5091.0,5086.6762657838,25896268.869105324,0.0258962688691053,3.0,164305.0,6093.919480488038,1001261440.241587,1.0012614402415871,68.0
2002,Grapes,393.0,10035.63657077,3944005.1723126094,0.0039440051723126,7.0,25569.0,4889.647032225169,125023384.96696536,0.1250233849669653,29.0
2002,Kiwi fruit,145.0,7075.861830384279,1025999.9654057204,0.0010259999654057,5.0,,,,,
2002,"Lentils, dry",66981.0,7809.035940143069,523057036.3067229,0.5230570363067228,10.0,81862.0,2615.6813356780967,214124905.50128037,0.2141249055012803,41.0
2002,Maize (corn),110.0,13686.878479230916,1505556.6327154008,0.0015055566327154,2.0,78179.0,1798.5127327080388,140605926.93038175,0.1406059269303817,19.0
2002,"Mangoes, guavas and mangosteens",60.0,10198.290908542334,611897.45451254,0.0006118974545125,2.0,41563.0,2912.604393170281,121056576.3933364,0.1210565763933363,58.0
2002,Palm oil,3047101.0,4508.158841201434,13736815313.183731,13.736815313183731,23.0,7.0,9003.662682207336,63025.63877545136,6.302563877545136e-05,4.0
2002,Potatoes,,,,,,30067.0,1559.5960768428365,46892375.24243356,0.0468923752424335,16.0
2002,Refined sugar,36583.0,14221.043644274105,520248439.63847953,0.5202484396384796,7.0,1450475.0,3231.670922184552,4687457880.855639,4.687457880855638,53.0
2002,Rice,,,,,,11969.0,4036.1083273092777,48308180.569564745,0.0483081805695647,24.0
2002,Soya beans,1.0,3781.464195320433,3781.464195320433,3.7814641953204338e-06,1.0,1714.0,2028.709387484588,3477207.890148584,0.0034772078901485,10.0
2002,Tea leaves,23451.0,4851.575316776568,113774292.7537273,0.1137742927537273,32.0,178813.0,4553.917125624899,814299582.9843651,0.8142995829843651,89.0
2002,Tomatoes,,,,,,12884.0,1466.925227814069,18899864.635156468,0.0188998646351564,11.0
2002,Wheat,,,,,,3671249.0,3403.4110044116446,12494769246.535246,12.494769246535244,34.0
2003,"Almonds, in shell",19072.0,11044.517461324696,210641037.02238455,0.2106410370223846,7.0,34.0,6847.965452232071,232830.8253758904,0.0002328308253758,3.0
2003,Apples,18578.0,9693.972944859272,180094629.3695956,0.1800946293695955,11.0,9032.0,1330.126627186971,12013703.696752723,0.0120137036967527,9.0
2003,Bananas,,,,,,10820.0,1876.5766103511548,20304558.923999496,0.0203045589239994,25.0
2003,"Cashew nuts, in shell",441498.0,7781.365170964397,3435457160.25044,3.43545716025044,23.0,1128.0,7037.234837070776,7938000.896215836,0.0079380008962158,24.0
2003,"Chick peas, dry",259069.0,5757.606253900833,1491617294.5918348,1.491617294591835,22.0,2311.0,3882.342895467282,8972094.431424888,0.0089720944314248,24.0
2003,"Coffee, green",8757.0,4066.324916453228,35608807.29338092,0.0356088072933809,5.0,167395.0,6111.128514025625,1022972357.6053196,1.0229723576053196,65.0
2003,Grapes,499.0,10310.92494144821,5145151.545782656,0.0051451515457826,8.0,26468.0,4482.592103651853,118645247.79945724,0.1186452477994572,34.0
2003,"Hazelnuts, in shell",62.0,8466.300057072316,524910.6035384836,0.0005249106035384,5.0,24.0,5264.896657577059,126357.51978184942,0.0001263575197818,1.0
2003,Kiwi fruit,157.0,8851.162414465376,1389632.499071064,0.001389632499071,5.0,,,,,
2003,"Lentils, dry",37949.0,6788.29261954127,257608916.61897168,0.2576089166189717,11.0,81025.0,2123.9120183465902,172089971.2865325,0.1720899712865325,45.0
2003,Maize (corn),711.0,15628.836209610336,11112102.54503295,0.0111121025450329,2.0,543273.0,2491.0321395451083,1353310503.5470896,1.3533105035470896,34.0
2003,"Mangoes, guavas and mangosteens",48.0,4652.194363080587,223305.3294278682,0.0002233053294278,2.0,176646.0,3218.384994476243,568514835.7342504,0.5685148357342504,73.0
2003,Palm oil,4026437.0,4616.859977339373,18589495836.57841,18.58949583657841,16.0,1519.0,4980.8740310483445,7565947.653162435,0.0075659476531624,5.0
2003,Potatoes,2329.0,1234.966136613527,2876236.1321729044,0.0028762361321729,1.0,71740.0,1479.798530871284,106160746.60470591,0.1061607466047059,26.0
2003,Refined sugar,81.0,7071.542791447891,572794.9661072792,0.0005727949661072,4.0,866556.0,3695.920925617292,3202722453.619218,3.202722453619218,71.0
2003,Rice,22.0,4993.546328004081,109858.0192160898,0.000109858019216,1.0,28897.0,3007.9741749945542,86921429.73481764,0.0869214297348176,26.0
2003,Soya beans,1.0,3781.464195320433,3781.464195320433,3.7814641953204338e-06,1.0,242274.0,3043.875058844372,737451786.0064614,0.7374517860064613,30.0
2003,Tea leaves,10653.0,5092.833800781507,54253958.4797254,0.0542539584797253,30.0,174067.0,4583.711504616724,797872910.4741192,0.7978729104741192,93.0
2003,Tomatoes,32.0,5916.674095107869,189333.5710434518,0.0001893335710434,1.0,11328.0,1453.8169364508435,16468838.256115155,0.0164688382561151,17.0
2003,Wheat,457.0,800.4339445742334,365798.31267042464,0.0003657983126704,1.0,4071624.0,2872.783816718292,11696895534.961798,11.696895534961795,46.0
2004,"Almonds, in shell",25786.0,11601.357237517064,299152597.726615,0.299152597726615,8.0,283.0,4803.69205131643,1359444.8505225496,0.0013594448505225,7.0
2004,Apples,19893.0,9915.702578659544,197253071.39727432,0.1972530713972743,11.0,23199.0,1410.232970633548,32715994.68572768,0.0327159946857276,13.0
2004,Bananas,,,,,,12556.0,2125.4169704947058,26686735.481531527,0.0266867354815315,20.0
2004,"Cashew nuts, in shell",468420.0,7954.814523422299,3726194219.0614734,3.7261942190614734,24.0,10.0,3998.577838931734,39985.77838931734,3.998577838931734e-05,5.0
2004,"Chick peas, dry",132519.0,4449.880250056615,589693680.8572526,0.5896936808572526,16.0,12245.0,4939.197467433947,60480472.98872868,0.0604804729887286,32.0
2004,"Coffee, green",20791.0,4609.671396846614,95839678.01183794,0.0958396780118379,15.0,140477.0,6096.244085637732,856382080.4181316,0.8563820804181316,64.0
2004,Grapes,1110.0,11692.738382262878,12978939.604311794,0.0129789396043117,5.0,35524.0,3487.7877633146645,123900172.50399014,0.1239001725039901,20.0
2004,"Hazelnuts, in shell",1.0,4150.142844891839,4150.142844891839,4.150142844891839e-06,1.0,2.0,800.4339445742334,1600.8678891484667,1.6008678891484668e-06,1.0
2004,Kiwi fruit,251.0,6896.9536434599095,1731135.3645084372,0.0017311353645084,3.0,,,,,
2004,"Lentils, dry",26569.0,3950.542593460161,104961966.165643,0.104961966165643,5.0,133555.0,2202.0737302412995,294097957.0423768,0.2940979570423767,46.0
2004,Maize (corn),1194.0,14916.456350187947,17810248.88212441,0.0178102488821244,3.0,1068678.0,3222.6875550858927,3444015290.994081,3.444015290994081,34.0
2004,"Mangoes, guavas and mangosteens",5.0,1719.8790924037585,8599.395462018792,8.599395462018792e-06,2.0,152829.0,3334.0356832734337,509537339.4389956,0.5095373394389956,66.0
2004,Palm oil,3470397.0,4705.49786848775,16329945686.306282,16.32994568630628,10.0,314.0,3300.858756027448,1036469.6493926188,0.0010364696493926,5.0
2004,Potatoes,4813.0,1234.966136613527,5943892.015520905,0.0059438920155209,1.0,67122.0,1649.7526752898552,110734699.07080568,0.1107346990708056,28.0
2004,Refined sugar,181.0,7185.829800135266,1300635.193824483,0.0013006351938244,9.0,76632.0,3071.8298169941995,235400462.5358995,0.2354004625358995,43.0
2004,Rice,,,,,,6089.0,2990.164932225316,18207114.272319943,0.0182071142723199,28.0
2004,Soya beans,,,,,,2060.0,3328.8734004685093,6857479.2049651295,0.0068574792049651,23.0
2004,Tea leaves,31061.0,3619.7971740590274,112434520.02344744,0.1124345200234474,26.0,174622.0,4459.109594726802,778658635.6503836,0.7786586356503836,87.0
2004,Tomatoes,6.0,6938.647356933229,41631.884141599374,4.163188414159937e-05,2.0,7407.0,1420.636744360792,10522656.365480388,0.0105226563654803,12.0
2004,Wheat,222.0,800.4339445742334,177696.3356954798,0.0001776963356954,1.0,1908929.0,2165.1271262895702,4133073960.060824,4.133073960060823,43.0
2005,"Almonds, in shell",24167.0,11181.988451214796,270235114.9005079,0.2702351149005079,10.0,264.0,7318.942747165553,1932200.885251706,0.0019322008852517,11.0
2005,Apples,32368.0,10687.73851090086,345940720.120839,0.345940720120839,9.0,29930.0,1410.8788973747608,42227605.39842659,0.0422276053984265,12.0
2005,Bananas,,,,,,14359.0,2220.3672017825984,31882252.65039633,0.0318822526503963,25.0
2005,"Cashew nuts, in shell",542509.0,7924.933124534927,4299347544.458319,4.299347544458319,23.0,131.0,10475.858239641708,1372337.4293930638,0.001372337429393,10.0
2005,"Chick peas, dry",281757.0,3914.67522702026,1102987147.9395473,1.1029871479395472,15.0,44059.0,4947.6275622047215,217987522.76317784,0.2179875227631778,52.0
2005,"Coffee, green",38171.0,4026.019958665214,153677207.84220988,0.1536772078422098,12.0,157071.0,6018.756472042171,945372097.8201358,0.945372097820136,63.0
2005,Grapes,1496.0,11755.907662361456,17586837.86289274,0.0175868378628927,7.0,53910.0,4274.96726909759,230463485.4770511,0.2304634854770511,26.0
2005,Kiwi fruit,771.0,8256.175672326806,6365511.443363968,0.0063655114433639,2.0,11.0,800.4339445742334,8804.773390316566,8.804773390316567e-06,1.0
2005,"Lentils, dry",36115.0,6995.41729911584,252639495.75756857,0.2526394957575685,5.0,262733.0,2021.0615072138476,530999552.9748157,0.5309995529748157,65.0
2005,Maize (corn),1632.0,14580.379668728146,23795179.619364336,0.0237951796193643,3.0,419949.0,1885.42344366025,791781689.7416784,0.7917816897416784,31.0
2005,"Mangoes, guavas and mangosteens",100.0,3365.309421344683,336530.9421344683,0.0003365309421344,4.0,219252.0,3367.392463535991,738307532.4151931,0.7383075324151931,75.0
2005,Palm oil,2449183.0,4821.665322375201,11809140739.250862,11.809140739250862,11.0,3640.0,4256.835587999009,15494881.540316392,0.0154948815403163,12.0
2005,Potatoes,2408.0,1238.1839273887772,2981546.897152176,0.0029815468971521,2.0,78362.0,1879.096495769874,147249759.60151887,0.1472497596015188,19.0
2005,Refined sugar,5071.0,1761.9395923182385,8934795.672645787,0.0089347956726457,13.0,215431.0,2431.972790187536,523922330.16289103,0.523922330162891,40.0
2005,Rice,12.0,3050.2928733853737,36603.514480624486,3.6603514480624486e-05,1.0,73199.0,960.0955378861244,70278033.27772643,0.0702780332777264,30.0
2005,Soya beans,2.0,4224.112286182524,8448.224572365049,8.448224572365049e-06,2.0,5054.0,3626.046014194216,18326036.55573757,0.0183260365557375,33.0
2005,Tea leaves,18668.0,4340.683201029718,81031873.99682276,0.0810318739968227,18.0,159065.0,4835.253126335571,769119538.5405676,0.7691195385405676,86.0
2005,Tomatoes,51.0,5826.838183117131,297168.7473389737,0.0002971687473389,2.0,11741.0,1090.9189656345484,12808479.575515231,0.0128084795755152,11.0
2005,Wheat,,,,,,729373.0,1948.115251952942,1420902665.6626732,1.420902665662673,40.0
2006,"Almonds, in shell",38269.0,11185.191582071611,428046096.65429854,0.4280460966542985,12.0,253.0,4959.228058634091,1254684.698834425,0.0012546846988344,10.0
2006,Apples,48981.0,10788.56020165516,528434467.2372714,0.5284344672372714,8.0,25972.0,1351.5381521854874,35102148.88856148,0.0351021488885614,7.0
2006,Bananas,3.0,4752.271687366133,14256.815062098398,1.4256815062098398e-05,1.0,11394.0,1931.507507994123,22007596.54608504,0.022007596546085,24.0
2006,"Cashew nuts, in shell",585893.0,8157.586861666495,4779473039.142367,4.779473039142367,18.0,1655.0,3005.8214878458025,4974634.562384803,0.0049746345623848,7.0
2006,"Chick peas, dry",127319.0,8149.967269397447,1037645682.7724136,1.0376456827724136,15.0,61306.0,3883.448133508947,238078671.2728995,0.2380786712728995,53.0
2006,"Coffee, green",19509.0,4509.213176466521,87970239.85968536,0.0879702398596853,14.0,187863.0,6020.185778096247,1130970160.8304954,1.1309701608304954,65.0
2006,Grapes,1975.0,12009.445806275562,23718655.46739424,0.0237186554673942,5.0,85248.0,4169.845128780433,355470957.53827435,0.3554709575382743,31.0
2006,"Hazelnuts, in shell",,,,,,1.0,12048.513666060027,12048.513666060027,1.2048513666060029e-05,1.0
2006,Kiwi fruit,1226.0,8435.042432962073,10341362.022811502,0.0103413620228115,4.0,,,,,
2006,"Lentils, dry",58934.0,9841.426728692317,579994642.8287529,0.5799946428287529,6.0,110158.0,1933.0089908121324,212936404.40988287,0.2129364044098828,44.0
2006,Maize (corn),2000.0,15404.302391896366,30808604.78379273,0.0308086047837927,3.0,633559.0,2603.0551225566837,1649189000.3918898,1.64918900039189,29.0
2006,"Mangoes, guavas and mangosteens",67.0,3451.65250009903,231260.717506635,0.0002312607175066,3.0,253008.0,3534.329485801288,894213634.5436122,0.8942136345436122,73.0
2006,Palm oil,2766382.0,4705.228190606833,13016458572.387312,13.016458572387313,11.0,1803.0,2720.9592424392367,4905889.514117944,0.0049058895141179,9.0
2006,Potatoes,47.0,1420.6060378421682,66768.48377858191,6.676848377858191e-05,1.0,92173.0,1732.9370497188618,159730006.68373665,0.1597300066837366,27.0
2006,Refined sugar,845.0,7633.284510191765,6450125.411112041,0.006450125411112,7.0,1203222.0,1855.2074743976991,2232226447.7597485,2.2322264477597487,59.0
2006,Rice,,,,,,23011.0,1583.9579282800826,36448455.88765298,0.0364484558876529,31.0
2006,Soya beans,336.0,4159.590723693249,1397622.4831609316,0.0013976224831609,3.0,3528.0,2666.92038068397,9408895.103053046,0.009408895103053,31.0
2006,Tea leaves,23233.0,4330.764055705829,100616641.30621354,0.1006166413062135,20.0,181258.0,4753.331429115399,861579348.178599,0.861579348178599,97.0
2006,Tomatoes,40.0,5916.674095107869,236666.9638043148,0.0002366669638043,1.0,33593.0,1359.5774747793655,45672286.11026323,0.0456722861102632,10.0
2006,Wheat,6079555.0,7421.301247394384,45118209105.10276,45.11820910510276,13.0,46636.0,1763.068672254527,82222470.59926212,0.0822224705992621,28.0
2007,"Almonds, in shell",46121.0,11265.717274328825,519586146.4093197,0.5195861464093197,8.0,81.0,4331.412046332569,350844.3757529381,0.0003508443757529,9.0
2007,Apples,58402.0,10600.827057229111,619109501.7962947,0.6191095017962946,9.0,32620.0,1301.465739639895,42453812.42705338,0.0424538124270533,5.0
2007,Bananas,,,,,,16660.0,2076.279311873815,34590813.335817754,0.0345908133358177,25.0
2007,"Cashew nuts, in shell",591329.0,8224.61370615239,4863452598.245386,4.863452598245386,23.0,436.0,3178.9184965452355,1386008.464493723,0.0013860084644937,8.0
2007,"Chick peas, dry",144488.0,6319.42824512536,913081548.2816732,0.9130815482816732,11.0,161774.0,3450.4605056718024,558194797.8445501,0.5581947978445502,59.0
2007,"Coffee, green",26421.0,5816.381631140569,153674619.07636496,0.1536746190763649,19.0,152477.0,5953.491530014729,907770528.0220556,0.9077705280220556,63.0
2007,Grapes,2724.0,12226.600219885187,33305258.99896725,0.0333052589989672,8.0,96724.0,3651.134903792108,353152372.43438786,0.3531523724343878,34.0
2007,"Hazelnuts, in shell",,,,,,25.0,7016.233003040481,175405.82507601203,0.000175405825076,2.0
2007,Kiwi fruit,1339.0,9446.158371093958,12648406.05889481,0.0126484060588948,4.0,26.0,800.4339445742334,20811.282558930063,2.0811282558930065e-05,1.0
2007,"Lentils, dry",230434.0,10982.054911316702,2530638841.434353,2.530638841434353,7.0,50.0,11179.864488775664,558993.2244387832,0.0005589932244387,4.0
2007,Maize (corn),4273.0,15149.483463850083,64733742.84103142,0.0647337428410314,3.0,2727457.0,3570.595265308633,9738645050.532888,9.738645050532888,42.0
2007,"Mangoes, guavas and mangosteens",46.0,1022.7231416427276,47045.26451556548,4.704526451556548e-05,2.0,237491.0,3718.8109238139136,883184125.1074902,0.8831841251074902,75.0
2007,Palm oil,3512343.0,4805.903735247888,16879982343.171772,16.879982343171772,13.0,804.0,2927.275079395171,2353529.1638337173,0.0023535291638337,9.0
2007,Potatoes,117.0,1175.5429308645637,137538.52291115394,0.0001375385229111,2.0,81625.0,1388.006863088321,113296060.1995842,0.1132960601995842,30.0
2007,Refined sugar,527.0,10766.393457215512,5673889.351952575,0.0056738893519525,6.0,2261229.0,3139.5886066940493,7099328805.526178,7.099328805526178,76.0
2007,Rice,,,,,,54879.0,1698.08305036869,93189099.72118334,0.0931890997211833,35.0
2007,Soya beans,29.0,9668.081877025505,280374.3744337396,0.0002803743744337,5.0,7460.0,2514.4958821014966,18758139.280477166,0.0187581392804771,33.0
2007,Tea leaves,19585.0,4155.522081946309,81385899.97491847,0.0813858999749184,19.0,193137.0,4747.729714614197,916962273.8914424,0.9169622738914422,107.0
2007,Tomatoes,33.0,5916.674095107869,195250.2451385597,0.0001952502451385,1.0,134844.0,929.9794987968957,125402155.5357686,0.1254021555357686,13.0
2007,Wheat,1793209.0,8672.84464311886,15552223069.642529,15.552223069642528,8.0,237.0,3133.011658232173,742523.763001025,0.000742523763001,8.0
2008,"Almonds, in shell",51981.0,11183.16889733654,581312302.4524506,0.5813123024524506,7.0,29.0,3126.1727390441843,90659.00943228134,9.065900943228132e-05,3.0
2008,Apples,71183.0,10142.07363479858,721943227.5458673,0.7219432275458674,10.0,43998.0,1383.2119051027607,60858557.40071127,0.0608585574007112,7.0
2008,Bananas,,,,,,30399.0,2203.995281220029,66999252.55380766,0.0669992525538076,30.0
2008,"Cashew nuts, in shell",612817.0,8231.688292633577,5044518524.42683,5.04451852442683,20.0,665.0,3528.64591325127,2346549.5323120947,0.002346549532312,8.0
2008,"Chick peas, dry",198215.0,8039.655294998372,1593580274.2981024,1.5935802742981025,13.0,126863.0,3619.365000571385,459163502.0674876,0.4591635020674875,57.0
2008,"Coffee, green",28837.0,4881.183209789706,140758680.22070575,0.1407586802207057,13.0,149625.0,5889.574443084009,881227576.0464448,0.8812275760464447,60.0
2008,Grapes,2949.0,11939.028567300957,35208195.244970515,0.0352081952449705,7.0,118134.0,3391.6137318381284,400664896.59696543,0.4006648965969654,30.0
2008,Kiwi fruit,1889.0,9739.9568935359,18398778.571889315,0.0183987785718893,4.0,79.0,1420.6060378421685,112227.8769895313,0.0001122278769895,1.0
2008,"Lentils, dry",33210.0,10148.324608748231,337025860.2565288,0.3370258602565288,4.0,109.0,2372.381395797326,258589.57214190852,0.0002585895721419,6.0
2008,Maize (corn),7280.0,15429.651639822718,112327863.93790938,0.1123278639379093,4.0,3536293.0,3611.890017658355,12772701386.215118,12.772701386215118,52.0
2008,"Mangoes, guavas and mangosteens",60.0,6091.939461228298,365516.3676736979,0.0003655163676736,5.0,269217.0,3505.440596151098,943724200.97401,0.94372420097401,71.0
2008,Palm oil,5547449.0,4751.466917078708,26358520397.68136,26.358520397681364,10.0,18.0,682.729880538837,12289.137849699067,1.2289137849699068e-05,1.0
2008,Potatoes,,,,,,196386.0,1227.0461411571362,240974683.47728533,0.2409746834772853,29.0
2008,Refined sugar,128.0,7331.643187844557,938450.3280441032,0.0009384503280441,7.0,1874622.0,2867.82622273728,5376090129.320205,5.376090129320205,72.0
2008,Rice,,,,,,11474.0,6269.672674117451,71938224.26282363,0.0719382242628236,23.0
2008,Soya beans,38.0,3984.727462384683,151419.64357061795,0.0001514196435706,2.0,44835.0,4967.228283209162,222705680.0776828,0.2227056800776828,33.0
2008,Tea leaves,24880.0,3659.366919955846,91045048.96850143,0.0910450489685014,19.0,203158.0,4712.991016465112,957481828.9230192,0.9574818289230193,100.0
2008,Tomatoes,62.0,5858.513292667745,363227.8241454002,0.0003632278241454,2.0,124501.0,918.1849924619054,114314949.74649969,0.1143149497464996,16.0
2008,Wheat,20.0,800.4339445742334,16008.678891484667,1.600867889148467e-05,1.0,1120.0,3033.3604874938337,3397363.7459930936,0.003397363745993,12.0
2009,"Almonds, in shell",59352.0,11154.665292900863,662051694.464252,0.662051694464252,11.0,25.0,2714.7789601647146,67869.47400411786,6.786947400411785e-05,2.0
2009,Apples,98715.0,9030.908969213157,891486178.8958765,0.8914861788958766,11.0,26739.0,1382.4401071196603,36965066.0242726,0.0369650660242725,6.0
2009,Bananas,,,,,,54271.0,2413.1409604667524,130963573.06549112,0.1309635730654911,35.0
2009,"Cashew nuts, in shell",752460.0,8405.298157121895,6324650651.307941,6.324650651307941,26.0,540.0,2868.758674745937,1549129.684362806,0.0015491296843628,7.0
2009,"Chick peas, dry",337693.0,9706.329470458217,3277759517.867446,3.277759517867446,18.0,94951.0,3403.4654923191724,323162451.96119773,0.3231624519611977,53.0
2009,"Coffee, green",40683.0,4024.907443136725,163745309.50913137,0.1637453095091313,13.0,125469.0,5858.888664994843,735108901.9082379,0.735108901908238,66.0
2009,Grapes,2387.0,11686.22804755753,27895026.349519823,0.0278950263495198,8.0,117249.0,3725.859977785876,436853356.5354161,0.4368533565354161,36.0
2009,Kiwi fruit,1750.0,8861.092472663413,15506911.827160971,0.0155069118271609,5.0,,,,,
2009,"Lentils, dry",288078.0,11481.098054970387,3307451765.479759,3.307451765479759,7.0,601.0,2808.354047891498,1687820.7827827905,0.0016878207827827,6.0
2009,Maize (corn),19064.0,15513.124151402972,295742198.82234627,0.2957421988223462,3.0,2377537.0,3009.3836855954714,7154921059.6996,7.1549210596996,51.0
2009,"Mangoes, guavas and mangosteens",31.0,2916.9713106501185,90426.11063015368,9.042611063015368e-05,1.0,279443.0,3621.631971859661,1012039703.1123792,1.0120397031123791,73.0
2009,Palm oil,6097496.0,4776.906171075007,29127166270.50517,29.127166270505167,11.0,15.0,4359.553183296079,65393.297749441175,6.539329774944118e-05,6.0
2009,Potatoes,,,,,,96635.0,1361.8735181764814,131604647.42898428,0.1316046474289842,25.0
2009,Refined sugar,508592.0,8287.367342725382,4214888731.5713873,4.214888731571388,19.0,17396.0,2746.1856965805096,47772646.37771455,0.0477726463777145,36.0
2009,Rice,,,,,,23910.0,2693.980319550299,64413069.44044765,0.0644130694404476,28.0
2009,Soya beans,51.0,15050.019576429444,767550.9983979017,0.0007675509983979,2.0,24457.0,6885.113133307527,168389211.9013022,0.1683892119013021,35.0
2009,Tea leaves,34294.0,3386.4005748095947,116133221.31252024,0.1161332213125202,21.0,203783.0,4674.00899359584,952483574.741941,0.952483574741941,96.0
2009,Tomatoes,42.0,5916.674095107869,248500.3119945305,0.0002485003119945,1.0,105558.0,991.0561585905994,104613905.98850648,0.1046139059885064,10.0
2009,Wheat,164383.0,9995.829759270033,1643144483.3180857,1.6431444833180855,4.0,30.0,10290.287122165417,308708.6136649625,0.0003087086136649,3.0
2010,"Almonds, in shell",49581.0,11631.615947755778,576707150.3056792,0.5767071503056792,20.0,36.0,4105.377968816703,147793.60687740133,0.0001477936068774,5.0
2010,Apples,93264.0,9618.514237431647,897061111.8398252,0.8970611118398252,16.0,47493.0,1382.4376840868265,65656112.930335656,0.0656561129303356,7.0
2010,Bananas,,,,,,60813.0,2524.17227688986,153502488.67450306,0.153502488674503,36.0
2010,"Cashew nuts, in shell",447682.0,8479.764105784752,3796237754.4059296,3.79623775440593,26.0,1639.0,2996.918450298152,4911949.34003867,0.0049119493400386,7.0
2010,"Chick peas, dry",56212.0,9390.873992396982,527879808.8606192,0.5278798088606191,14.0,215569.0,3283.565865377154,707835010.0334877,0.7078350100334877,59.0
2010,"Coffee, green",30596.0,4167.769740356157,127517082.97593696,0.1275170829759369,11.0,177907.0,5933.248380499289,1055566419.629487,1.055566419629487,66.0
2010,Grapes,2862.0,12187.326452619984,34880128.307398394,0.0348801283073983,11.0,129124.0,3647.760272321785,471013397.4032782,0.4710133974032782,35.0
2010,"Hazelnuts, in shell",15.0,12048.513666060027,180727.7049909004,0.0001807277049909,1.0,,,,,
2010,Kiwi fruit,2113.0,9975.986759389782,21079260.022590607,0.0210792600225906,4.0,,,,,
2010,"Lentils, dry",150033.0,11163.286007174838,1674861289.5144625,1.6748612895144626,8.0,323.0,2626.403158936286,848328.2203364205,0.0008483282203364,6.0
2010,Maize (corn),7049.0,15650.367783604815,110319442.50663036,0.1103194425066303,3.0,2275325.0,2829.8163133914168,6438751803.267325,6.438751803267325,42.0
2010,"Mangoes, guavas and mangosteens",131.0,2121.5948793995194,277928.92920133704,0.0002779289292013,5.0,252936.0,3910.946502981943,989219164.6782408,0.9892191646782408,72.0
2010,Palm oil,3982749.0,4821.904033694891,19204433468.29429,19.20443346829429,16.0,262.0,2963.448304925492,776423.4558904787,0.0007764234558904,6.0
2010,Potatoes,,,,,,173865.0,1586.8788404113038,275902689.58811134,0.2759026895881113,28.0
2010,Refined sugar,321164.0,8623.298640169005,2769493084.4712386,2.7694930844712387,23.0,906692.0,1337.7960283675486,1212968956.5526297,1.2129689565526294,48.0
2010,Rice,,,,,,11078.0,2630.40209030675,29139594.356418177,0.0291395943564181,22.0
2010,Soya beans,5.0,5842.232014440779,29211.160072203893,2.9211160072203893e-05,1.0,14489.0,8864.138282881975,128432499.58067694,0.1284324995806769,35.0
2010,Tea leaves,17297.0,3771.323666757845,65232585.463910446,0.0652325854639104,25.0,234494.0,4609.059818832242,1080796873.1572478,1.0807968731572477,100.0
2010,Tomatoes,62.0,5916.674095107869,366833.7938966879,0.0003668337938966,1.0,67547.0,1918.0653579635425,129559560.7343634,0.1295595607343634,15.0
2010,Wheat,185256.0,7742.2255733021875,1434293740.80767,1.43429374080767,9.0,347.0,2991.79675540125,1038153.4741242336,0.0010381534741242,16.0
2011,"Almonds, in shell",77875.0,11098.285828758308,864279008.9145532,0.8642790089145531,53.0,17.0,800.4339445742334,13607.377057761969,1.3607377057761968e-05,1.0
2011,Apples,178167.0,8927.138122559936,1590521417.882136,1.590521417882136,60.0,25728.0,1372.2750678669263,35305892.94608028,0.0353058929460802,4.0
2011,Bananas,1.0,2310.704343820168,2310.704343820168,2.310704343820168e-06,1.0,40906.0,2193.3687020409693,89721940.1256879,0.0897219401256878,33.0
2011,"Cashew nuts, in shell",796740.0,8301.562469858192,6614186882.234817,6.614186882234817,62.0,639.0,2428.7653400974527,1551981.0523222722,0.0015519810523222,4.0
2011,"Chick peas, dry",142732.0,7800.017223106045,1113312058.288372,1.113312058288372,35.0,177438.0,3994.091503953951,708703608.2785811,0.7087036082785811,70.0
2011,"Coffee, green",50973.0,4307.918985776579,219587554.46198955,0.2195875544619895,25.0,230973.0,5959.910801398737,1376578477.5314703,1.3765784775314704,73.0
2011,Grapes,3902.0,11627.298196434787,45369717.56248854,0.0453697175624885,24.0,75355.0,3054.2737688976167,230154799.85527992,0.2301547998552799,33.0
2011,"Hazelnuts, in shell",,,,,,1.0,800.4339445742334,800.4339445742334,8.004339445742334e-07,1.0
2011,Kiwi fruit,3884.0,9062.64531403844,35199314.3997253,0.0351993143997253,17.0,20.0,5264.896657577059,105297.9331515412,0.0001052979331515,1.0
2011,"Lentils, dry",102366.0,10858.198039936538,1111510300.5561438,1.1115103005561435,29.0,293.0,10249.599654918757,3003132.698891196,0.0030031326988911,14.0
2011,Maize (corn),12261.0,15794.831706453337,193660431.55282435,0.1936604315528243,2.0,3952001.0,3636.2019893583433,14370273898.146162,14.370273898146165,50.0
2011,"Mangoes, guavas and mangosteens",630.0,3544.331476684653,2232928.8303113314,0.0022329288303113,23.0,226502.0,3792.3120367008255,858966260.9368106,0.8589662609368106,73.0
2011,Palm oil,5925596.0,4762.464103753944,28220438243.347958,28.220438243347957,39.0,2302.0,3841.631548883212,8843435.825529154,0.0088434358255291,6.0
2011,Potatoes,,,,,,211737.0,1794.7942532828558,380024350.80735207,0.3800243508073521,39.0
2011,Refined sugar,527.0,8198.360635480856,4320536.054898411,0.0043205360548984,12.0,1656058.0,3476.793303611914,5757771364.792939,5.757771364792939,75.0
2011,Rice,,,,,,38687.0,1530.8473566425312,59223891.686429605,0.0592238916864296,32.0
2011,Soya beans,121.0,3781.464195320433,457557.1676337724,0.0004575571676337,1.0,30558.0,8282.383239558994,253093067.0344437,0.2530930670344437,49.0
2011,Tea leaves,22113.0,4354.7063335417015,96295621.15360764,0.0962956211536076,39.0,322270.0,5023.135169236573,1618805770.9898703,1.6188057709898704,110.0
2011,Tomatoes,2.0,2916.9713106501185,5833.942621300237,5.833942621300237e-06,1.0,229829.0,1014.7973182372684,233229852.8531532,0.2332298528531532,19.0
2011,Wheat,25.0,10354.14409830728,258853.602457682,0.0002588536024576,1.0,498951.0,2100.403153579832,1047998253.8818104,1.0479982538818104,32.0
2012,"Almonds, in shell",82129.0,11196.797926249708,919581816.884962,0.919581816884962,53.0,1.0,7550.471654711011,7550.471654711011,7.550471654711011e-06,1.0
2012,Apples,186169.0,9408.796704966948,1751626273.7669916,1.7516262737669916,52.0,19477.0,1366.7350770439284,26619899.095584597,0.0266198990955845,3.0
2012,Bananas,,,,,,53796.0,2073.789432654677,111561576.31909102,0.111561576319091,44.0
2012,"Cashew nuts, in shell",821647.0,8099.752334097164,6655137206.053932,6.655137206053932,56.0,3813.0,2968.7037093742038,11319667.243843837,0.0113196672438438,6.0
2012,"Chick peas, dry",471957.0,8398.987739400241,3963961056.52412,3.96396105652412,47.0,143710.0,3000.83099812368,431249422.74035394,0.4312494227403539,67.0
2012,"Coffee, green",61112.0,4109.046366497164,251112041.5493747,0.2511120415493747,26.0,216706.0,5886.760371110536,1275696292.9818797,1.2756962929818798,71.0
2012,Grapes,3954.0,12081.234447411156,47769201.00506371,0.0477692010050637,15.0,114291.0,3771.087644342072,431001377.9594998,0.4310013779594998,37.0
2012,"Hazelnuts, in shell",,,,,,3.0,5305.211680330259,15915.635040990775,1.5915635040990777e-05,3.0
2012,Kiwi fruit,5458.0,8498.17620963315,46383045.75217773,0.0463830457521777,19.0,4.0,1773.931255488705,7095.725021954819,7.095725021954818e-06,2.0
2012,"Lentils, dry",441264.0,10890.286116406243,4805491212.869885,4.805491212869885,44.0,781.0,6608.398227800874,5161159.0159124825,0.0051611590159124,17.0
2012,Maize (corn),2426.0,14057.83858463554,34104316.406325825,0.0341043164063258,5.0,4271666.0,3812.642358386681,16286334732.480202,16.286334732480203,55.0
2012,"Mangoes, guavas and mangosteens",779.0,3417.951114722071,2662583.918368493,0.0026625839183684,27.0,214601.0,3925.278064147134,842368597.8440391,0.8423685978440391,90.0
2012,Palm oil,7653357.0,4674.583333344383,35776255076.33457,35.77625507633457,48.0,268.0,2780.089012088606,745063.8552397464,0.0007450638552397,8.0
2012,Potatoes,,,,,,114816.0,1380.4592693215634,158498811.4664246,0.1584988114664246,29.0
2012,Refined sugar,2143.0,2560.055368778801,5486198.655292971,0.0054861986552929,17.0,1673320.0,3873.736456695121,6482000687.71708,6.48200068771708,76.0
2012,Rice,1.0,12048.513666060027,12048.513666060027,1.2048513666060029e-05,1.0,251172.0,2638.3388155847106,662676836.988043,0.6626768369880429,50.0
2012,Soya beans,837.0,11179.337616567693,9357105.58506716,0.0093571055850671,2.0,46252.0,7578.349325293925,350513812.99349463,0.3505138129934946,44.0
2012,Tea leaves,21255.0,3776.165457576552,80262396.80078961,0.0802623968007896,33.0,224971.0,4656.343350100415,1047542219.8154404,1.0475422198154405,104.0
2012,Tomatoes,2.0,6714.340625937352,13428.681251874705,1.3428681251874704e-05,1.0,171827.0,1287.433548685212,221215844.36993396,0.2212158443699339,18.0
2012,Wheat,1569.0,10291.92335893801,16148027.750173736,0.0161480277501737,2.0,4584369.0,3169.233093829987,14528933949.128284,14.528933949128282,45.0
2013,"Almonds, in shell",98420.0,11516.431108649378,1133447149.713272,1.133447149713272,6.0,1636.0,2829.1736325324982,4628528.062823167,0.0046285280628231,6.0
2013,Apples,194336.0,7736.709926306899,1503521260.2387776,1.5035212602387775,17.0,37163.0,1398.5419415098677,51974014.17233121,0.0519740141723312,7.0
2013,Bananas,,,,,,37136.0,2237.0491077776924,83075055.66643238,0.0830750556664323,34.0
2013,"Cashew nuts, in shell",829927.0,8326.935700049511,6910748764.734991,6.910748764734991,26.0,4258.0,3001.263677892358,12779380.74046566,0.0127793807404656,9.0
2013,"Chick peas, dry",538329.0,9116.757369229435,4907814877.819913,4.907814877819913,16.0,400177.0,3718.871528428153,1488206851.631793,1.488206851631793,78.0
2013,"Coffee, green",62859.0,4554.818431310462,286311331.77374434,0.2863113317737443,18.0,227509.0,5889.801083714607,1339982754.7548263,1.3399827547548266,73.0
2013,Grapes,4076.0,12547.465625751262,51143469.89056214,0.0511434698905621,9.0,148520.0,4199.283157980014,623677534.6231917,0.6236775346231918,36.0
2013,"Hazelnuts, in shell",2.0,4218.907186700092,8437.814373400184,8.437814373400184e-06,1.0,1.0,5888.53296257147,5888.53296257147,5.888532962571471e-06,1.0
2013,Kiwi fruit,5492.0,8072.620605718102,44334832.36660381,0.0443348323666038,5.0,6.0,2747.428566403176,16484.571398419055,1.6484571398419055e-05,1.0
2013,"Lentils, dry",679473.0,11335.679392658018,7702288083.967522,7.702288083967522,8.0,813.0,9373.536253578544,7620684.974159356,0.0076206849741593,18.0
2013,Maize (corn),11628.0,14576.964188320162,169500939.58178684,0.1695009395817868,8.0,4749581.0,3620.2251560971913,17194552617.121254,17.194552617121253,56.0
2013,"Mangoes, guavas and mangosteens",652.0,2900.9060393162918,1891390.7376342216,0.0018913907376342,2.0,263802.0,4199.632463315945,1107871443.087673,1.107871443087673,83.0
2013,Palm oil,8389673.0,4641.4055728404,38939875016.50864,38.93987501650864,11.0,46.0,5618.606769169607,258455.91138180197,0.0002584559113818,7.0
2013,Potatoes,,,,,,165243.0,1549.7713982464195,256088875.1604331,0.2560888751604331,29.0
2013,Refined sugar,19691.0,825.7649858787767,16260138.33693899,0.0162601383369389,13.0,1340349.0,3753.778916875408,5031373817.455036,5.031373817455036,73.0
2013,Rice,2.0,1002.9527124104854,2005.905424820971,2.005905424820971e-06,1.0,241330.0,3264.837396185348,787903208.82141,0.78790320882141,64.0
2013,Soya beans,750.0,3705.884541853104,2779413.406389828,0.0027794134063898,2.0,138610.0,8613.450651754903,1193910394.8397472,1.1939103948397471,46.0
2013,Tea leaves,19732.0,3742.720379120172,73851358.52079923,0.0738513585207992,26.0,254370.0,4249.185144038511,1080865225.089076,1.080865225089076,103.0
2013,Tomatoes,3.0,2916.9713106501185,8750.913931950356,8.750913931950355e-06,1.0,228364.0,1127.0359134964365,257374429.34970015,0.2573744293497002,12.0
2013,Wheat,11644.0,10342.260244450688,120425278.28638382,0.1204252782863838,2.0,6503634.0,3081.590925798184,20041539519.112545,20.041539519112543,45.0
2014,"Almonds, in shell",91810.44,11494.613252600562,1055325500.3510888,1.0553255003510889,6.0,46.39,5590.250792534462,259331.73426567367,0.0002593317342656,13.0
2014,Apples,204569.61,9544.675385382268,1952550521.16425,1.9525505211642504,15.0,15774.6,1331.6900343141908,21006877.615292635,0.0210068776152926,8.0
2014,Bananas,4.2,4688.2752194273335,19690.7559215948,1.9690755921594803e-05,1.0,54473.46999999999,2062.5646320846645,112355052.60892498,0.1123550526089249,43.0
2014,"Cashew nuts, in shell",906748.79,8494.358301974695,7702249112.142009,7.702249112142009,20.0,15714.71,2997.291426754027,47101565.55692577,0.0471015655569257,13.0
2014,"Chick peas, dry",381313.85,7555.6311937693235,2881066819.6762767,2.8810668196762768,18.0,209138.42,3309.0608252713832,692051752.6811532,0.6920517526811532,77.0
2014,"Coffee, green",71791.58,4014.7707065009695,288226732.35742086,0.2882267323574208,11.0,195453.53,5844.892486846995,1142404869.0247238,1.1424048690247235,67.0
2014,Grapes,3774.4,12971.460473588002,48959480.41151056,0.0489594804115105,10.0,136738.66,4588.398347758062,627411441.6186515,0.6274114416186515,42.0
2014,"Hazelnuts, in shell",2.0,4218.907186700092,8437.814373400184,8.437814373400184e-06,1.0,1.96,7835.202466452246,15356.996834246404,1.5356996834246403e-05,3.0
2014,Kiwi fruit,6575.08,8290.392885370436,54509996.45274144,0.0545099964527414,5.0,0.54,3867.5893302896416,2088.4982383564065,2.0884982383564062e-06,3.0
2014,"Lentils, dry",729758.52,11328.699758029605,8267215168.944042,8.267215168944043,7.0,6558.35,3153.678236850583,20682925.66464902,0.020682925664649,20.0
2014,Maize (corn),6983.92,15001.734469251896,104770913.3944977,0.1047709133944976,7.0,3571036.56,3562.5228003763964,12721899165.977692,12.72189916597769,68.0
2014,"Mangoes, guavas and mangosteens",1035.51,2632.074866242383,2725539.84474265,0.0027255398447426,5.0,210591.57,3952.340252245765,832329538.8946316,0.8323295388946316,89.0
2014,Palm oil,7932540.28,4541.34080980814,36024368899.01089,36.02436889901089,8.0,159.77,3133.6034041921434,500655.8158877788,0.0005006558158877,10.0
2014,Potatoes,,,,,,300116.68999999994,1307.193892547894,392310704.2196896,0.3923107042196895,29.0
2014,Refined sugar,582.91,6307.746832791618,3676848.706302562,0.0036768487063025,20.0,1503500.66,3960.2127367767193,5954182463.484204,5.954182463484204,81.0
2014,Rice,201.69,12047.69388823557,2429899.380318232,0.0024298993803182,2.0,181609.76000000004,1228.5678806426984,223119917.94722915,0.2231199179472291,46.0
2014,Soya beans,3875.56,4651.802356864339,18028339.14216916,0.0180283391421691,2.0,204365.44,10677.536573787163,2182119460.018106,2.182119460018106,53.0
2014,Tea leaves,23177.35,3905.4885228216585,90518874.41442056,0.0905188744144205,35.0,212599.95000000004,4565.996201680745,970730564.1775163,0.9707305641775164,126.0
2014,Tomatoes,,,,,,294943.52,846.9260600606015,249795353.3340052,0.2497953533340052,15.0
2014,Wheat,18817.38,9886.30575548127,186034372.1970781,0.1860343721970781,3.0,3950910.39,2787.767482975782,11014219513.393166,11.014219513393163,56.0
2015,"Almonds, in shell",87217.43,11475.017078342247,1000821498.7791196,1.0008214987791195,9.0,56.720000000000006,5977.208232900237,339027.25097010145,0.0003390272509701,18.0
2015,Apples,193692.02,10562.982215864997,2045965362.614967,2.045965362614967,17.0,18307.380000000005,1326.5913336599067,24286411.65001871,0.0242864116500187,10.0
2015,Bananas,,,,,,80184.32,2355.971359037533,188911961.36390045,0.1889119613639004,40.0
2015,"Cashew nuts, in shell",969647.19,8276.688316976879,8025467569.062461,8.02546756906246,21.0,6583.51,2941.738729679925,19366966.344235085,0.019366966344235,10.0
2015,"Chick peas, dry",688125.3600000001,8113.494910440858,5583101606.105284,5.583101606105283,24.0,187726.44,3235.135876767406,607320541.0618238,0.6073205410618239,80.0
2015,"Coffee, green",65312.11,4306.130480369552,281242467.608249,0.281242467608249,11.0,209418.48,5828.885307910073,1220676301.2768593,1.220676301276859,70.0
2015,Grapes,5106.700000000001,12907.244126529198,65913423.58094666,0.0659134235809466,11.0,75665.47,4817.58439748857,364524787.7006395,0.3645247877006395,38.0
2015,"Hazelnuts, in shell",,,,,,1.45,7372.967142534127,10690.802356674483,1.0690802356674485e-05,4.0
2015,Kiwi fruit,12388.51,8278.166442105097,102554147.7496834,0.1025541477496834,6.0,4.29,1088.2728476115103,4668.690516253379,4.66869051625338e-06,3.0
2015,"Lentils, dry",1161801.87,11342.903066489464,13178205993.876194,13.178205993876194,9.0,3650.94,4332.986106190087,15819472.294533636,0.0158194722945336,23.0
2015,Maize (corn),28464.52,15257.07422063265,434285294.2946825,0.4342852942946825,9.0,913830.94,2599.209181700789,2375237769.7702627,2.375237769770263,61.0
2015,"Mangoes, guavas and mangosteens",751.47,2980.5190396512303,2239770.64272671,0.0022397706427267,4.0,173784.61999999997,4136.340003263362,718832275.6579219,0.718832275657922,94.0
2015,Palm oil,9536216.16,4531.972315354672,43217867630.35784,43.21786763035784,5.0,125.35,1390.9253108154478,174352.48771071638,0.0001743524877107,4.0
2015,Potatoes,24.36,6413.584835634753,156234.92659606258,0.000156234926596,1.0,207653.87,1758.4584792132823,365150708.4429527,0.3651507084429526,26.0
2015,Refined sugar,1688.86,8158.179605005786,13778023.207710072,0.01377802320771,19.0,2565390.56,3512.992624577388,9012198116.440453,9.012198116440452,90.0
2015,Rice,,,,,,200208.43,1186.2169833684868,237490639.87954083,0.2374906398795408,40.0
2015,Soya beans,13358.7,5059.764009788403,67591869.47756034,0.0675918694775603,7.0,211930.88,10971.012332010265,2325096298.0137877,2.3250962980137877,44.0
2015,Tea leaves,20425.08,3609.1960086605177,73718117.21257177,0.0737181172125717,30.0,235123.76,4542.415728107728,1068029865.4758269,1.068029865475827,129.0
2015,Tomatoes,,,,,,186226.23,979.6075210162438,182428615.5185009,0.1824286155185008,14.0
2015,Wheat,511915.59,9943.789794905622,5090381019.695091,5.090381019695092,4.0,602899.72,1766.1057924922366,1064784687.7839476,1.0647846877839475,50.0
2016,"Almonds, in shell",120238.62,11712.956238484792,1408349694.2358022,1.4083496942358025,6.0,164.27999999999997,6610.045061591936,1085898.202718323,0.0010858982027183,20.0
2016,Apples,246807.61,7653.464296435078,1888933231.223473,1.888933231223473,24.0,12409.61,1285.027116939004,15946685.360637436,0.0159466853606374,8.0
2016,Bananas,,,,,,111791.71,2204.250044782661,246416881.7738303,0.2464168817738302,48.0
2016,"Cashew nuts, in shell",726824.21,8345.821524313418,6065945136.210095,6.065945136210096,22.0,5634.4800000000005,3001.226936342434,16910353.148282718,0.0169103531482827,11.0
2016,"Chick peas, dry",873541.9,9542.29272800966,8335592519.981743,8.335592519981743,24.0,121201.31,3703.603194318046,448881558.8715318,0.4488815588715318,84.0
2016,"Coffee, green",71001.54999999999,4300.001417806183,305306765.6664365,0.3053067656664365,13.0,250414.96,5840.839326339088,1462633546.2716296,1.4626335462716296,71.0
2016,Grapes,4558.38,11773.384228959192,53667559.201603,0.053667559201603,11.0,146986.62999999998,4997.520304507534,734568667.9161361,0.7345686679161362,44.0
2016,"Hazelnuts, in shell",,,,,,0.64,6151.155031427026,3936.7392201132966,3.936739220113297e-06,3.0
2016,Kiwi fruit,24480.73,8980.230642240615,219842601.69041905,0.219842601690419,7.0,15.42,2051.514431068497,31634.35252707622,3.163435252707622e-05,4.0
2016,"Lentils, dry",753565.64,11375.81081190861,8572420154.994831,8.57242015499483,6.0,20416.03,3221.237865195874,65764888.89297491,0.0657648888929749,42.0
2016,Maize (corn),179880.76,5546.230624603058,997660179.8888727,0.9976601798888728,12.0,482847.76000000007,1473.324571890669,711391469.2903686,0.7113914692903686,51.0
2016,"Mangoes, guavas and mangosteens",523.96,2918.376431881497,1529112.5152486293,0.0015291125152486,3.0,193245.02000000005,4297.463512787596,830463422.4779096,0.8304634224779096,87.0
2016,Palm oil,8252606.090000001,4623.039069592474,38152120380.0268,38.1521203800268,11.0,118.62,1049.1406190295295,124449.06022928284,0.0001244490602292,11.0
2016,Potatoes,,,,,,220223.13000000003,1484.730261014719,326971945.28637844,0.3269719452863784,31.0
2016,Refined sugar,2234.66,9111.926334685497,20362057.30306829,0.0203620573030682,19.0,2910638.650000001,3343.948688526968,9733026296.443407,9.733026296443407,92.0
2016,Rice,13.99,800.4339445742334,11198.070884593524,1.1198070884593524e-05,1.0,103803.1,1349.7073250543397,140103804.43334812,0.1401038044333481,40.0
2016,Soya beans,63622.97,5549.606440601414,353082444.0821905,0.3530824440821905,7.0,149652.03,10858.410407365756,1624983160.0354123,1.6249831600354123,47.0
2016,Tea leaves,16983.890000000003,4395.658088283398,74655373.44901553,0.0746553734490155,28.0,230439.76,4620.6161992362895,1064773688.0041229,1.0647736880041228,129.0
2016,Tomatoes,,,,,,247990.39,947.8163957003146,235049357.61811537,0.2350493576181153,14.0
2016,Wheat,1910832.59,6686.664270674502,12777096006.79342,12.77709600679342,8.0,198965.27000000005,1344.2304033182972,267455165.138434,0.267455165138434,43.0
2017,"Almonds, in shell",136111.51,11697.553512609522,1592171671.907086,1.5921716719070862,9.0,566.52,3239.19436450142,1835068.3913773445,0.0018350683913773,26.0
2017,Apples,330604.56,7646.664086643869,2528022015.8326983,2.5280220158326983,20.0,7278.35,1018.6362314373056,7413991.015081714,0.0074139910150817,14.0
2017,Bananas,,,,,,89833.70999999998,2102.7644378676446,188899130.70971492,0.1888991307097149,44.0
2017,"Cashew nuts, in shell",701501.8600000001,8123.055127715863,5698338280.975216,5.698338280975216,25.0,8896.92,3375.7450437577136,30033733.59470888,0.0300337335947088,14.0
2017,"Chick peas, dry",1552898.4400000002,10048.228935803068,15603879039.171444,15.603879039171444,25.0,86988.45,4391.066765199836,381972091.7512477,0.3819720917512476,81.0
2017,"Coffee, green",76026.15,4726.141497648657,359310342.4214614,0.3593103424214614,21.0,262769.55,6085.871400780809,1599181689.3410428,1.5991816893410429,75.0
2017,Grapes,5422.9800000000005,9697.032261674942,52586812.01441798,0.0525868120144179,11.0,185172.41,4771.685198825931,883584448.0279269,0.8835844480279269,51.0
2017,"Hazelnuts, in shell",,,,,,1.04,7944.067526125898,8261.830227170934,8.261830227170935e-06,2.0
2017,Kiwi fruit,27112.24,8055.995501870593,218416083.485636,0.218416083485636,8.0,0.35,3184.276180895612,1114.4966633134643,1.1144966633134644e-06,3.0
2017,"Lentils, dry",1122853.47,11123.147187882489,12489664417.234592,12.489664417234591,7.0,9476.87,4350.096831413516,41225302.15871781,0.0412253021587178,45.0
2017,Maize (corn),82019.96,7664.198721991539,628617272.6097972,0.6286172726097973,15.0,573306.2999999999,1626.1567160009513,932285890.070656,0.932285890070656,62.0
2017,"Mangoes, guavas and mangosteens",483.24,2966.547803449301,1433554.5605388402,0.0014335545605388,4.0,172440.15,4139.676054255559,713846359.7472367,0.7138463597472368,91.0
2017,Palm oil,9184474.63,4713.073248592491,43287101681.02942,43.28710168102942,9.0,175.92000000000002,1083.859369517351,190672.54028549243,0.0001906725402854,13.0
2017,Potatoes,458.0,5780.147011489692,2647307.331262279,0.0026473073312622,1.0,339480.93,1695.932936084946,575736890.359748,0.575736890359748,35.0
2017,Refined sugar,5275.76,2580.805632801821,13615711.125310536,0.0136157111253105,15.0,1856047.48,3529.700742761738,6551292168.757052,6.551292168757052,91.0
2017,Rice,4.9,5916.674095107869,28991.70306602856,2.899170306602856e-05,1.0,167297.39,1039.473180315929,173901150.04185432,0.1739011500418543,41.0
2017,Soya beans,76253.49,6855.633680534654,522765994.3023124,0.5227659943023124,10.0,292482.74,10596.49709866574,3099292505.819806,3.099292505819806,49.0
2017,Tea leaves,18265.22,4413.734065438713,80617823.72673248,0.0806178237267324,35.0,261361.7,4588.972131750034,1199381557.606813,1.199381557606813,134.0
2017,Tomatoes,1.69,6357.460004804903,10744.107408120286,1.0744107408120286e-05,1.0,32576.110000000004,1968.6052483650496,64129501.11731719,0.0641295011173171,20.0
2017,Wheat,5346726.880000001,6825.319033704131,36493116742.08151,36.493116742081504,7.0,201956.16,1158.5410427707036,233974500.20036703,0.233974500200367,45.0
2018,"Almonds, in shell",149055.63,11611.23285578727,1730719628.3960707,1.7307196283960706,9.0,389.9,3594.6929875995475,1401570.7958650636,0.001401570795865,37.0
2018,Apples,280093.72,11762.643238387864,3294642501.672903,3.294642501672903,24.0,12893.640000000005,946.560315879738,12204607.951239629,0.0122046079512396,32.0
2018,Bananas,,,,,,116106.94000000002,2018.4974988612769,234361567.99043635,0.2343615679904363,53.0
2018,"Cashew nuts, in shell",870919.1100000001,7704.192800514928,6709728737.09287,6.7097287370928695,32.0,12690.460000000005,3018.579270688524,38307159.49150189,0.0383071594915018,16.0
2018,"Chick peas, dry",199771.47000000003,7238.530115474907,1446051801.807692,1.446051801807692,21.0,256913.26000000004,4138.848409793873,1063325037.60596,1.06332503760596,111.0
2018,"Coffee, green",83842.61,3888.8446531317936,326050885.60311425,0.3260508856031142,25.0,229986.48000000004,5751.666645466333,1322805565.92421,1.3228055659242102,72.0
2018,Grapes,6436.310000000001,7631.514790938667,49118794.96406646,0.0491187949640664,12.0,171718.84000000003,4966.36893465331,852819112.4707024,0.8528191124707024,62.0
2018,"Hazelnuts, in shell",,,,,,7.19,6698.750745762098,48164.01786202948,4.816401786202949e-05,3.0
2018,Kiwi fruit,40286.69,8728.53509917894,351643787.69474125,0.3516437876947412,12.0,3.719999999999999,1883.739509033823,7007.510973605819,7.007510973605819e-06,15.0
2018,"Lentils, dry",217072.16,10614.175457970274,2304041993.2805967,2.3040419932805967,9.0,15483.349999999997,2968.945712314006,45969225.59475706,0.045969225594757,75.0
2018,Maize (corn),29238.0,12134.00008534602,354773894.49534684,0.3547738944953468,18.0,1015057.23,1898.4420207307296,1927027298.8785367,1.927027298878537,62.0
2018,"Mangoes, guavas and mangosteens",644.9499999999999,3244.1554422226845,2092318.05246152,0.0020923180524615,10.0,153283.39999999997,4237.704372785339,649569734.455404,0.649569734455404,101.0
2018,Palm oil,8805269.72,4608.176115993082,40576233618.58109,40.57623361858109,20.0,109.99,1046.4998494194565,115104.518437646,0.0001151045184376,10.0
2018,Potatoes,393.73,2164.3554293164248,852171.663184756,0.0008521716631847,4.0,336713.97000000003,1410.2554944233525,474852726.2415999,0.4748527262415999,40.0
2018,Refined sugar,12079.77,1740.5872354991234,21025893.46976524,0.0210258934697652,17.0,2412431.23,3759.3790034447393,9069243313.316366,9.069243313316369,116.0
2018,Rice,63.43,1943.0983188007797,123250.72636153344,0.0001232507263615,6.0,242593.86,1128.9779564674466,273883120.31434983,0.2738831203143498,44.0
2018,Soya beans,160833.36999999997,6207.571156616614,998384588.6334476,0.9983845886334476,17.0,209846.39,10983.59456882053,2304867669.490595,2.3048676694905947,34.0
2018,Tea leaves,12122.2,5254.094193460863,63691180.63197128,0.0636911806319712,30.0,262421.85000000003,4409.132562100984,1157052723.8417802,1.1570527238417805,142.0
2018,Tomatoes,,,,,,67140.54999999999,2065.1033145262813,138652172.3441175,0.1386521723441175,40.0
2018,Wheat,85342.98000000001,6447.899838979233,550282987.000008,0.550282987000008,6.0,168314.9,1258.082149664222,211753971.21251857,0.2117539712125185,52.0
2019,"Almonds, in shell",161652.40000000002,11470.436231602716,1854223545.8855352,1.8542235458855352,9.0,113.1,5717.992435882766,646704.9444983407,0.0006467049444983,29.0
2019,Apples,242712.72000000003,9666.962811417876,2346294838.09808,2.34629483809808,27.0,19431.129999999997,1219.2730808236922,23691853.73898566,0.0236918537389856,22.0
2019,Bananas,,,,,,173803.87,1956.6027852590796,340065136.1308069,0.3400651361308069,46.0
2019,"Cashew nuts, in shell",850202.0700000002,7766.95003632046,6603476998.466231,6.603476998466231,30.0,16221.67,3004.499235269019,48737995.10978639,0.0487379951097863,13.0
2019,"Chick peas, dry",371787.43000000005,5183.38259254035,1927116492.787314,1.927116492787314,24.0,123493.19999999998,4765.892614431361,588555329.8124949,0.5885553298124949,101.0
2019,"Coffee, green",83623.51999999999,4489.577412371582,375434266.5350032,0.3754342665350031,27.0,232663.82,5760.327595973099,1340219822.9305177,1.3402198229305178,77.0
2019,Grapes,8158.67,6180.928600837305,50428156.747793294,0.0504281567477932,12.0,215216.18,4992.885348857061,1074549711.958984,1.0745497119589842,49.0
2019,"Hazelnuts, in shell",0.47,2542.20913047704,1194.8382913242085,1.1948382913242085e-06,1.0,0.1,5353.215121690021,535.3215121690022,5.353215121690022e-07,2.0
2019,Kiwi fruit,43205.33,6603.514762695572,285307034.48213387,0.2853070344821338,9.0,41.4,1614.3732728955988,66835.05349787779,6.683505349787779e-05,9.0
2019,"Lentils, dry",822349.5099999998,11064.894067601428,9099210214.69394,9.099210214693938,12.0,17338.15,2781.207347951184,48220990.17987983,0.0482209901798798,75.0
2019,Maize (corn),312389.89,4955.512140712177,1548051892.5307417,1.5480518925307414,19.0,379469.93,1129.1548173006547,428480299.4802423,0.4284802994802422,61.0
2019,"Mangoes, guavas and mangosteens",910.94,3284.3707019292474,2991864.6472154283,0.0029918646472154,11.0,147241.61000000002,3982.956454874992,586456920.9756862,0.5864569209756862,95.0
2019,Palm oil,9732471.8,4348.378801480314,42320474061.12495,42.32047406112495,15.0,200.08,2523.3304685241787,504867.9601423176,0.0005048679601423,17.0
2019,Potatoes,10.0,1420.6060378421685,14206.060378421684,1.4206060378421685e-05,1.0,417401.91,1497.361405908095,625001510.7863243,0.6250015107863243,40.0
2019,Refined sugar,1985.98,4549.914373486354,9036038.94745643,0.0090360389474564,21.0,3799274.32,3924.009043995255,14908386792.298922,14.908386792298922,119.0
2019,Rice,41.04,3604.23567144211,147917.83195598418,0.0001479178319559,6.0,247390.29,944.7376111842664,233718911.6047829,0.2337189116047829,48.0
2019,Soya beans,228739.57,5909.569914940767,1351752481.2284875,1.3517524812284876,16.0,103728.06,10411.84796995244,1080000790.938105,1.080000790938105,40.0
2019,Tea leaves,20891.14,3693.2144678244754,77155460.49734661,0.0771554604973466,44.0,258047.28999999995,4455.057455696036,1149615503.2366571,1.149615503236657,145.0
2019,Tomatoes,,,,,,79591.0,1607.1277888126422,127912907.839387,0.127912907839387,23.0
2019,Wheat,1665.86,10076.2108677996,16785556.636232644,0.0167855566362326,5.0,190058.05,1142.4786057946114,217137255.98404256,0.2171372559840425,54.0
2020,"Almonds, in shell",218120.4,11722.737260630336,2556968140.383593,2.556968140383593,13.0,93.05,4210.457123477202,391783.0353395537,0.0003917830353395,29.0
2020,Apples,215537.91,8133.291739899496,1753032703.038201,1.7530327030382011,27.0,30346.15,1193.8396792035664,36228437.98106331,0.0362284379810633,20.0
2020,Bananas,20.02,2542.20913047704,50895.02679215033,5.089502679215033e-05,1.0,212015.51000000004,2243.8326780625234,475727329.59409183,0.4757273295940918,45.0
2020,"Cashew nuts, in shell",874081.5599999999,7748.2761760660605,6772625327.286656,6.772625327286656,28.0,15318.22,3003.574188297257,46009410.2026588,0.0460094102026588,19.0
2020,"Chick peas, dry",305839.17000000004,5351.510842444125,1636701634.299112,1.636701634299112,19.0,174206.44999999998,3957.18260756684,689366734.0659622,0.6893667340659622,111.0
2020,"Coffee, green",77584.47,5486.476270272004,425665353.59663016,0.4256653535966301,27.0,205809.19,5736.577630971512,1180640395.6023655,1.1806403956023657,75.0
2020,Grapes,6554.82,4577.005269032062,30001445.67755674,0.0300014456775567,10.0,180644.05,4368.505687890523,789144559.9085802,0.7891445599085802,49.0
2020,"Hazelnuts, in shell",3.0,4218.907186700092,12656.721560100275,1.2656721560100277e-05,1.0,0.47,9103.407467945375,4278.601509934327,4.278601509934327e-06,3.0
2020,Kiwi fruit,46912.86,7083.62231207297,332312981.8191556,0.3323129818191556,10.0,63.36,943.3607126094112,59771.3347509323,5.97713347509323e-05,6.0
2020,"Lentils, dry",1061305.4200000002,10868.454448043434,11534749612.731607,11.534749612731607,9.0,18117.64,2908.3160068403554,52691822.418171085,0.052691822418171,79.0
2020,Maize (corn),231798.28000000003,3750.449055626871,869347640.321933,0.869347640321933,15.0,1766875.85,1321.8684480940003,2335577437.814268,2.335577437814268,69.0
2020,"Mangoes, guavas and mangosteens",655.9,2720.2662618429745,1784222.641142807,0.0017842226411428,5.0,128000.27999999998,4061.1627640090383,519829970.91873074,0.5198299709187307,93.0
2020,Palm oil,7203187.730000001,4550.280523664889,32776524836.12091,32.77652483612091,15.0,1398.72,4949.392855064697,6922814.774236093,0.006922814774236,20.0
2020,Potatoes,79.6,1234.966136613527,98303.30447443674,9.830330447443674e-05,1.0,296409.42,1679.2855322831963,497756050.6384535,0.4977560506384534,42.0
2020,Refined sugar,2589.7,7486.663956709358,19388213.648690224,0.0193882136486902,19.0,5386663.28,3555.345903757432,19151451227.46857,19.151451227468574,108.0
2020,Rice,0.3,5560.443905500892,1668.1331716502675,1.6681331716502675e-06,4.0,414411.8,956.9171991630218,396557778.9561064,0.3965577789561064,54.0
2020,Soya beans,505223.2,7381.219425791903,3729163298.200748,3.729163298200747,23.0,72020.53,10054.327759645716,724118014.0433971,0.724118014043397,39.0
2020,Tea leaves,33183.73,3561.047018647619,118168822.78410757,0.1181688227841075,35.0,210475.31000000003,4767.460409332012,1003432707.5668824,1.0034327075668823,141.0
2020,Tomatoes,,,,,,95558.79,1542.518018486122,147401155.39973146,0.1474011553997314,17.0
2020,Wheat,221.6,10199.309050677415,2260166.8856301154,0.0022601668856301,5.0,928683.7900000002,1440.9034017069237,1338143632.1210785,1.3381436321210785,61.0
2021,"Almonds, in shell",220392.49,11695.338773738516,2577564833.737778,2.577564833737778,11.0,393.36,2827.081239713552,1112060.6764537229,0.0011120606764537,32.0
2021,Apples,436194.04,6977.86225558935,3043701927.8290315,3.043701927829032,32.0,29050.180000000004,1190.991810127934,34598526.462742314,0.0345985264627423,19.0
2021,Bananas,,,,,,340731.11,2062.280547016093,702683139.9162005,0.7026831399162006,41.0
2021,"Cashew nuts, in shell",874263.94,8073.499096124164,7058369129.36395,7.05836912936395,28.0,26268.460000000003,3003.5013845996955,78897355.98130172,0.0788973559813017,32.0
2021,"Chick peas, dry",238620.24,5493.470667748854,1310853289.171192,1.310853289171192,20.0,94033.17,3614.380967834001,339871699.99309915,0.3398716999930991,108.0
2021,"Coffee, green",80453.43999999999,5491.211675667052,441786869.0755786,0.4417868690755785,25.0,263401.3,5662.302837352387,1491457928.352307,1.491457928352307,78.0
2021,Grapes,8343.889999999998,4512.757424044915,37653951.54291412,0.0376539515429141,12.0,268233.24000000005,3978.790015260311,1067243737.0729228,1.0672437370729229,54.0
2021,"Hazelnuts, in shell",4.0,4218.907186700092,16875.62874680037,1.687562874680037e-05,1.0,0.11,2230.954667124855,245.40501338373403,2.45405013383734e-07,4.0
2021,Kiwi fruit,67256.98999999999,6309.270235707689,424342525.1502896,0.4243425251502896,6.0,116.80999999999996,1501.0105157665664,175333.03834669257,0.0001753330383466,7.0
2021,"Lentils, dry",724536.72,11050.4969292085,8006490799.458797,8.006490799458797,10.0,9496.96,3854.745365167692,36608362.54318296,0.0366083625431829,79.0
2021,Maize (corn),24382.23,10218.388684654274,249147103.138638,0.2491471031386379,14.0,3615752.14,2132.8782144215616,7711958968.154139,7.711958968154138,64.0
2021,"Mangoes, guavas and mangosteens",202.74,2440.2675149812267,494739.83598729386,0.0004947398359872,9.0,170212.37999999998,4254.776914037446,724215704.9073689,0.7242157049073689,98.0
2021,Palm oil,8174707.050000001,4388.833726358157,35877430004.1378,35.8774300041378,18.0,13956.410000000002,1608.5107635985269,22449035.70619412,0.0224490357061941,19.0
2021,Potatoes,2932.95,1234.966136613527,3622093.930380644,0.0036220939303806,1.0,350036.17999999993,1663.805291864921,582392048.6281819,0.582392048628182,29.0
2021,Refined sugar,10576.15,4455.012569483847,47116881.1867466,0.0471168811867466,16.0,5703862.31,3444.3086531542126,19645862310.733173,19.64586231073317,119.0
2021,Rice,228.32,807.7217653260238,184419.03345923775,0.0001844190334592,5.0,691012.9200000002,924.6930103849704,638974817.2097088,0.6389748172097088,48.0
2021,Soya beans,614922.75,6841.255241545966,4206843486.58336,4.20684348658336,23.0,24477.930000000004,8264.004938058602,202285734.3934528,0.2022857343934528,52.0
2021,Tea leaves,31153.94,3877.460229235937,120798163.33400264,0.1207981633340026,30.0,197231.11,4825.635233664003,951765393.5906606,0.9517653935906606,140.0
2021,Tomatoes,,,,,,86965.55999999998,1323.3602484983985,115086765.09240235,0.1150867650924023,14.0
2021,Wheat,56.66,10416.119692592909,590177.3417823141,0.0005901773417823,4.0,6090607.369999999,2108.203313309914,12840238637.50378,12.84023863750378,68.0
2022,"Almonds, in shell",233745.98,11848.693380667835,2769584445.983717,2.769584445983717,7.0,316.67,3049.749324833794,965764.1186951176,0.0009657641186951,31.0
2022,Apples,392482.89,6266.216613875874,2459382805.980017,2.459382805980017,25.0,52892.13,1193.4123286268127,63122120.0293321,0.0631221200293321,17.0
2022,Bananas,,,,,,362364.09,2248.494896853446,814773807.1679428,0.8147738071679428,41.0
2022,"Cashew nuts, in shell",1374930.05,8236.580718543917,11324722339.176624,11.324722339176624,35.0,6693.7300000000005,3008.581105580337,20138629.60385627,0.0201386296038562,39.0
2022,"Chick peas, dry",82821.89,5748.80135304824,476126593.29401255,0.4761265932940125,9.0,235081.08,3071.12391190355,721963126.0241113,0.7219631260241113,108.0
2022,"Coffee, green",102195.74,4835.413596128236,494158670.6623863,0.4941586706623863,22.0,270299.66000000003,5449.485899379728,1472994185.777135,1.472994185777135,74.0
2022,Grapes,11216.860000000002,4152.393543198809,46576817.038965,0.046576817038965,11.0,275504.26000000007,3724.815537337928,1026202548.2507885,1.0262025482507884,54.0
2022,"Hazelnuts, in shell",0.14,2310.704343820168,323.49860813482354,3.234986081348236e-07,1.0,1.01,1325.1060731519333,1338.357133883453,1.3383571338834526e-06,4.0
2022,Kiwi fruit,45935.79,10091.707631592046,463570562.5062096,0.4635705625062096,10.0,134.0,1164.6458337141687,156062.5417176986,0.0001560625417176,8.0
2022,"Lentils, dry",646755.9299999999,10884.92596940174,7039890418.321573,7.039890418321574,7.0,64891.47000000001,1853.950021876265,120305542.226083,0.120305542226083,78.0
2022,Maize (corn),17359.110000000004,9548.03884678183,165745456.62555897,0.1657454566255589,15.0,3486496.4,1962.5689094410488,6842489437.518143,6.842489437518143,68.0
2022,"Mangoes, guavas and mangosteens",404.86,3760.0093975271575,1522277.404682845,0.0015222774046828,8.0,171731.47,4799.573159201649,824237754.0022432,0.8242377540022432,103.0
2022,Palm oil,9169393.1,4484.423094395563,41119438179.23132,41.11943817923132,19.0,3326.52,2881.438475383464,9585162.717132598,0.0095851627171325,17.0
2022,Potatoes,4925.92,1239.089587389812,6103656.180315224,0.0061036561803152,3.0,441905.7299999999,1724.9336638667764,762258069.9326223,0.7622580699326224,28.0
2022,Refined sugar,4152.740000000001,6109.215637993227,25369984.14852,0.0253699841485199,19.0,5793079.11,4130.182554528917,23926474277.127907,23.926474277127905,111.0
2022,Rice,1.4200000000000002,5188.942589170056,7368.298476621479,7.368298476621479e-06,4.0,460635.15,894.8952468122675,412220206.2496559,0.4122202062496559,32.0
2022,Soya beans,489574.9199999999,7613.654743827235,3727454412.1168394,3.7274544121168383,19.0,54393.26,9087.545933085396,494301248.70025647,0.4943012487002565,42.0
2022,Tea leaves,31008.21,2903.620211303096,90036065.27233076,0.0900360652723307,29.0,231393.23,4446.331035843715,1028850900.0331228,1.0288509000331227,142.0
2022,Tomatoes,,,,,,79139.22,1286.3714624306706,101802434.16702256,0.1018024341670225,12.0
2022,Wheat,49.56,3829.101997493205,189770.29499576325,0.0001897702949957,3.0,6798598.290000001,2988.526085583196,20317788335.066315,20.317788335066314,64.0
2023,"Almonds, in shell",259744.08,11826.830818014614,3071949290.1408534,3.0719492901408536,4.0,117.12,5714.025685683825,669226.6883072896,0.0006692266883072,22.0
2023,Apples,469550.5,5316.174611568624,2496212446.949353,2.4962124469493534,25.0,22337.96,1139.8983547153282,25463003.85169681,0.0254630038516968,15.0
2023,Bananas,0.07,2916.9713106501185,204.18799174550836,2.0418799174550834e-07,1.0,499131.2400000001,2354.474266831187,1175191660.3515413,1.175191660351541,43.0
2023,"Cashew nuts, in shell",1181684.83,8450.704083919396,9986068818.786598,9.9860688187866,20.0,20788.07,2996.665797421644,62294898.36340696,0.0622948983634069,36.0
2023,"Chick peas, dry",223814.11,5629.688316399668,1260003680.11239,1.26000368011239,10.0,293352.4199999999,2963.3466153876034,869304900.9227625,0.8693049009227625,107.0
2023,"Coffee, green",90539.77,4818.521536312543,436267831.6377843,0.4362678316377843,21.0,232176.62,5508.967675198272,1279053494.5167928,1.2790534945167928,75.0
2023,Grapes,19322.210000000003,4003.638068923831,77359135.53174074,0.0773591355317407,10.0,284269.16000000003,3807.226904358804,1082277194.0314777,1.0822771940314777,50.0
2023,"Hazelnuts, in shell",,,,,,4.5,4617.096312283293,20776.933405274816,2.0776933405274817e-05,6.0
2023,Kiwi fruit,49167.06999999999,10397.98859323321,511238633.0226987,0.5112386330226987,6.0,527.95,2228.584301192621,1176581.0818146442,0.0011765810818146,5.0
2023,"Lentils, dry",1681137.35,10687.51306997536,17967177400.54874,17.967177400548742,7.0,155090.77999999997,2022.227610150796,313628857.3958228,0.3136288573958228,85.0
2023,Maize (corn),10801.240000000002,8885.474230272446,95974139.67498796,0.0959741396749879,13.0,2311641.02,2324.4158177014383,5373214951.735487,5.373214951735487,73.0
2023,"Mangoes, guavas and mangosteens",358.46,4362.814170261359,1563894.3674718868,0.0015638943674718,7.0,111759.4,4456.353697004975,498039415.3650579,0.4980394153650578,88.0
2023,Palm oil,9348472.78,4537.287960233788,42416712991.267296,42.416712991267296,14.0,2672.16,3265.691889423786,8726451.239242664,0.0087264512392426,20.0
2023,Potatoes,3199.23,1234.966136613527,3950940.713238094,0.003950940713238,1.0,516993.45,1745.5768807123884,902451813.799736,0.902451813799736,34.0
2023,Refined sugar,60058.98,14104.218210795072,847084959.437777,0.8470849594377771,18.0,4587523.25,4734.311706617696,21718765026.855858,21.71876502685586,113.0
2023,Rice,31.270000000000003,958.6698624254534,29977.60659804393,2.997760659804393e-05,6.0,444995.6400000001,912.9726410753608,406268844.7178205,0.4062688447178205,19.0
2023,Soya beans,724938.6299999999,7712.051293991853,5590763899.55618,5.59076389955618,15.0,22477.36,6550.729198658521,147243098.4607591,0.1472430984607591,40.0
2023,Tea leaves,24217.74,2845.3522229991627,68908000.34501573,0.0689080003450157,29.0,226767.98,4479.879129865024,1015893140.9236492,1.0158931409236491,144.0
2023,Tomatoes,37.19,800.4339445742334,29768.13839871573,2.9768138398715736e-05,1.0,96801.85,1434.9031089350715,138901275.51566648,0.1389012755156664,14.0
2023,Wheat,85007.61,9719.689037230855,826247534.9981961,0.8262475349981961,7.0,157566.49,810.3614813692493,127685814.250553,0.127685814250553,9.0
2024,"Almonds, in shell",269521.82,11860.892462720383,3196769323.37668,3.19676932337668,5.0,89.05,8152.2027198215665,725953.6522001105,0.0007259536522001,24.0
2024,Apples,519651.99,5730.409828306973,2977818870.795277,2.9778188707952773,23.0,32874.3,1210.2016308523253,39784531.473128594,0.0397845314731286,10.0
2024,Bananas,,,,,,763861.96,2481.3526217535787,1895410877.103827,1.895410877103827,44.0
2024,"Cashew nuts, in shell",1198895.2100000002,8171.845897483881,9797186903.351578,9.797186903351578,21.0,28468.5,2944.931484274116,83837781.96005768,0.0838377819600576,37.0
2024,"Chick peas, dry",528316.6799999999,8298.403850439394,4384185171.563356,4.384185171563356,14.0,247290.52,3540.437817954478,875516709.029628,0.8755167090296281,112.0
2024,"Coffee, green",78464.04999999999,6712.219755313587,526667946.49191296,0.526667946491913,29.0,254406.39,5613.785981174679,1428183025.703258,1.428183025703258,73.0
2024,Grapes,21855.790000000005,3656.5906549420192,79917677.47037525,0.0799176774703752,10.0,310425.25999999995,4066.865994672701,1262457933.7814317,1.2624579337814317,50.0
2024,"Hazelnuts, in shell",,,,,,4.38,8143.921924118693,35670.37802763988,3.5670378027639874e-05,4.0
2024,Kiwi fruit,49143.060000000005,7915.555231564633,388994605.6780947,0.3889946056780947,7.0,56.49,1934.5952961110215,109285.28827731164,0.0001092852882773,5.0
2024,"Lentils, dry",1060260.18,10761.575447642828,11410069921.201365,11.410069921201364,8.0,168504.65,2362.417249847283,398078291.83947897,0.3980782918394789,88.0
2024,Maize (corn),895399.6,3532.8182715093003,3163284067.182119,3.163284067182119,17.0,501298.89,1448.183884740317,725972973.9362088,0.7259729739362089,74.0
2024,"Mangoes, guavas and mangosteens",602.23,2538.7042399844354,1528883.8544458265,0.0015288838544458,6.0,107294.54,4603.900625698982,493973399.84008455,0.4939733998400845,91.0
2024,Palm oil,8620364.55,4479.787452868151,38617400950.2394,38.6174009502394,19.0,4928.59,3041.376803424882,14989699.29959184,0.0149896992995918,22.0
2024,Potatoes,1640.56,1381.1896037001336,2265924.4162462912,0.0022659244162462,3.0,506349.85,1817.37796749374,920229061.23376,0.92022906123376,33.0
2024,Refined sugar,175101.17,13463.71747133896,2357512681.780894,2.357512681780894,21.0,2751903.5,4047.997494555801,11139698473.25934,11.13969847325934,84.0
2024,Rice,0.5900000000000001,5123.267042214975,3022.7275549068354,3.0227275549068357e-06,2.0,354676.96,912.60801851927,323681037.68003833,0.3236810376800383,17.0
2024,Soya beans,593081.28,8041.459994838485,4769239386.807602,4.769239386807602,11.0,7169.199999999999,1439.1747807684012,10317731.83828482,0.0103177318382848,40.0
2024,Tea leaves,43762.65999999999,3480.9051698571334,152333669.4406999,0.1523336694406999,27.0,249933.28000000003,4592.001609271119,1147694023.9704094,1.1476940239704094,147.0
2024,Tomatoes,,,,,,77983.82999999997,1381.3314122618524,107721514.02748816,0.1077215140274881,12.0
2024,Wheat,116428.4,9437.385917775717,1098779742.5891583,1.0987797425891583,7.0,72048.48999999999,860.48135009704,61996381.94765308,0.061996381947653,9.0
