Year,Item,india_production_tonnes,export_quantity_tonnes,import_quantity_tonnes,domestic_supply_available_tonnes,import_dependency_percent
2000,Apples,1050000.0,2847.0,6586.0,1053739.0,0.6250124556460376
2000,Bananas,14137300.0,8610.0,,14128690.0,0.0
2000,"Cashew nuts, in shell",520000.0,7485.0,248958.0,761473.0,32.69426493125823
2000,"Chick peas, dry",5118100.0,2570.0,63949.0,5179479.0,1.2346608606772997
2000,"Coffee, green",292000.0,161508.0,790.0,131282.0,0.6017580475617373
2000,Grapes,1130000.0,20144.0,33.0,1109889.0,0.0029732703000029735
2000,"Lentils, dry",1078900.0,191133.0,21020.0,908787.0,2.312973226949769
2000,Maize (corn),12023000.0,32465.0,28923.0,12019458.0,0.2406348106545237
2000,"Mangoes, guavas and mangosteens",11767300.0,39275.0,30.0,11728055.0,0.0002557968904477341
2000,Potatoes,25000100.0,25360.0,1192.0,24975932.0,0.004772594672342958
2000,Rice,127471150.0,5395.0,,127465755.0,0.0
2000,Soya beans,5280000.0,75018.0,132.0,5205114.0,0.002535967511950747
2000,Tea leaves,3591000.0,200870.0,7159.0,3397289.0,0.21072684720081217
2000,Tomatoes,7430000.0,1133.0,,7428867.0,0.0
2000,Wheat,76368896.0,813492.0,4224.0,75559628.0,0.005590286918829192
2001,Apples,1230000.0,19298.0,16948.0,1227650.0,1.3805237649167108
2001,Bananas,14209900.0,8100.0,,14201800.0,0.0
2001,"Cashew nuts, in shell",450000.0,7798.0,161791.0,603993.0,26.786899848177047
2001,"Chick peas, dry",3855400.0,1426.0,516583.0,4370557.0,11.819614753908942
2001,"Coffee, green",301000.0,150940.0,1141.0,151201.0,0.7546246387259344
2001,Grapes,1060000.0,14571.0,244.0,1045673.0,0.023334254590106084
2001,"Lentils, dry",915200.0,106110.0,86974.0,896064.0,9.706226340975645
2001,Maize (corn),13071900.0,113504.0,4252.0,12962648.0,0.032801939850561394
2001,"Mangoes, guavas and mangosteens",11651700.0,46232.0,19.0,11605487.0,0.0001637156631169377
2001,Potatoes,22242700.0,11531.0,183.0,22231352.0,0.0008231618122010753
2001,Rice,139080000.0,42328.0,,139037672.0,0.0
2001,Soya beans,5962700.0,5805.0,57.0,5956952.0,0.0009568651887743934
2001,Tea leaves,3683000.0,177428.0,10200.0,3515772.0,0.29012120239879036
2001,Tomatoes,7240000.0,1414.0,,7238586.0,0.0
2001,Wheat,69680896.0,2649381.0,1351.0,67032866.0,0.00201542926718962
2002,Apples,1160000.0,15632.0,18158.0,1162526.0,1.5619435608321879
2002,Bananas,13304400.0,8615.0,6.0,13295791.0,4.5127063143516617e-05
2002,"Cashew nuts, in shell",470000.0,7358.0,399705.0,862347.0,46.35083093000845
2002,"Chick peas, dry",5473000.0,2225.0,217396.0,5688171.0,3.8218963529753234
2002,"Coffee, green",301000.0,164640.0,5091.0,141451.0,3.599126199178514
2002,Grapes,1184200.0,25569.0,393.0,1159024.0,0.033907839699609324
2002,"Lentils, dry",974400.0,86397.0,66981.0,954984.0,7.0138347867608255
2002,Maize (corn),11184300.0,78179.0,110.0,11106231.0,0.0009904350089602854
2002,"Mangoes, guavas and mangosteens",14448700.0,41578.0,60.0,14407182.0,0.0004164589577614831
2002,Potatoes,24456100.0,30067.0,,24426033.0,0.0
2002,Rice,113851950.0,11971.0,,113839979.0,0.0
2002,Soya beans,4654700.0,1714.0,1.0,4652987.0,2.149157089843578e-05
2002,Tea leaves,3713000.0,181437.0,23451.0,3555014.0,0.659659849440818
2002,Tomatoes,7462300.0,12884.0,,7449416.0,0.0
2002,Wheat,72766304.0,3671253.0,,69095051.0,0.0
2003,Apples,1470000.0,9032.0,18578.0,1479546.0,1.2556554510640427
2003,Bananas,13856600.0,10870.0,,13845730.0,0.0
2003,"Cashew nuts, in shell",500000.0,1128.0,441498.0,940370.0,46.94939226049321
2003,"Chick peas, dry",4236800.0,2902.0,259069.0,4492967.0,5.766100663548164
2003,"Coffee, green",275275.0,167395.0,8757.0,116637.0,7.507909154042028
2003,Grapes,1247800.0,26468.0,499.0,1221831.0,0.040840345350543567
2003,"Lentils, dry",873200.0,83053.0,37949.0,828096.0,4.58268123502589
2003,Maize (corn),14613700.0,543273.0,711.0,14071138.0,0.005052896219197054
2003,"Mangoes, guavas and mangosteens",13283000.0,179137.0,48.0,13103911.0,0.0003663028541631579
2003,Potatoes,23161400.0,71740.0,2329.0,23091989.0,0.010085748785000721
2003,Rice,131033400.0,28897.0,22.0,131004525.0,1.679331305540782e-05
2003,Soya beans,7818900.0,242274.0,1.0,7576627.0,1.319848528903429e-05
2003,Tea leaves,3678000.0,174222.0,10653.0,3514431.0,0.30312161485031286
2003,Tomatoes,7616700.0,11328.0,32.0,7605404.0,0.0004207534537284278
2003,Wheat,65760800.0,4093083.0,457.0,61668174.0,0.0007410629670987177
2004,Apples,1521600.0,23199.0,19893.0,1518294.0,1.3102205501701252
2004,Bananas,16744500.0,12572.0,,16731928.0,0.0
2004,"Cashew nuts, in shell",535000.0,10.0,468420.0,1003410.0,46.68281161240171
2004,"Chick peas, dry",5717500.0,12245.0,132519.0,5837774.0,2.270026212045893
2004,"Coffee, green",270500.0,140593.0,20791.0,150698.0,13.796467106398227
2004,Grapes,1474800.0,35524.0,1110.0,1440386.0,0.07706267625483725
2004,"Lentils, dry",1037800.0,136923.0,26569.0,927446.0,2.8647489988635457
2004,Maize (corn),13726300.0,1068679.0,1194.0,12658815.0,0.00943216248914294
2004,"Mangoes, guavas and mangosteens",13660400.0,156030.0,5.0,13504375.0,3.702503818207062e-05
2004,Potatoes,27925800.0,67122.0,4813.0,27863491.0,0.01727349957691949
2004,Rice,123206250.0,6089.0,,123200161.0,0.0
2004,Soya beans,6876300.0,2060.0,,6874240.0,0.0
2004,Tea leaves,3822000.0,174672.0,31061.0,3678389.0,0.8444185756318867
2004,Tomatoes,8125600.0,7407.0,6.0,8118199.0,7.390801826858395e-05
2004,Wheat,72156200.0,2007950.0,222.0,70148472.0,0.00031647161181215755
2005,Apples,1739000.0,29930.0,32368.0,1741438.0,1.8586937921418967
2005,Bananas,18887800.0,14380.0,,18873420.0,0.0
2005,"Cashew nuts, in shell",544000.0,131.0,542509.0,1086378.0,49.9374066853342
2005,"Chick peas, dry",5469400.0,44059.0,281757.0,5707098.0,4.936957451930912
2005,"Coffee, green",275500.0,157072.0,38171.0,156599.0,24.374996008914486
2005,Grapes,1564700.0,53910.0,1496.0,1512286.0,0.09892308729962454
2005,"Lentils, dry",994200.0,281236.0,36115.0,749079.0,4.8212538330403065
2005,Maize (corn),14851500.0,419949.0,1632.0,14433183.0,0.011307277126604714
2005,"Mangoes, guavas and mangosteens",14345900.0,222568.0,100.0,14123432.0,0.0007080432008310728
2005,Potatoes,28787700.0,78362.0,2408.0,28711746.0,0.008386811446437287
2005,Rice,133760400.0,73199.0,12.0,133687213.0,8.97617635278252e-06
2005,Soya beans,8273500.0,5054.0,2.0,8268448.0,2.418833619078212e-05
2005,Tea leaves,3943000.0,159086.0,18668.0,3802582.0,0.4909295841614987
2005,Tomatoes,8825400.0,11741.0,51.0,8813710.0,0.0005786439535677938
2005,Wheat,68636896.0,746173.0,,67890723.0,0.0
2006,Apples,1814000.0,25972.0,48981.0,1837009.0,2.666345129501271
2006,Bananas,20997800.0,11394.0,3.0,20986409.0,1.4294965851470824e-05
2006,"Cashew nuts, in shell",573000.0,1655.0,585893.0,1157238.0,50.62856560189002
2006,"Chick peas, dry",5575400.0,61306.0,127319.0,5641413.0,2.25686366163938
2006,"Coffee, green",274000.0,188055.0,19509.0,105454.0,18.50000948280767
2006,Grapes,1649600.0,85248.0,1975.0,1566327.0,0.1260911674254482
2006,"Lentils, dry",946200.0,121013.0,58934.0,884121.0,6.665829677159573
2006,Maize (corn),14110300.0,637410.0,2000.0,13474890.0,0.01484242171921255
2006,"Mangoes, guavas and mangosteens",15470600.0,256865.0,109.0,15213844.0,0.0007164527255570651
2006,Potatoes,29174600.0,92173.0,47.0,29082474.0,0.00016160935964388724
2006,Rice,140538450.0,23011.0,,140515439.0,0.0
2006,Soya beans,8850800.0,3528.0,336.0,8847608.0,0.0037976366041533485
2006,Tea leaves,4126000.0,181277.0,23233.0,3967956.0,0.5855155651927592
2006,Tomatoes,9820400.0,33593.0,40.0,9786847.0,0.00040871181494918645
2006,Wheat,69354496.0,46636.0,6079555.0,75387415.0,8.064416322008123
2007,Apples,1624000.0,32620.0,58402.0,1649782.0,3.539982858341284
2007,Bananas,23823000.0,16660.0,,23806340.0,0.0
2007,"Cashew nuts, in shell",620000.0,436.0,591329.0,1210893.0,48.83412489790593
2007,"Chick peas, dry",6333700.0,161774.0,144488.0,6316414.0,2.2875004709950932
2007,"Coffee, green",288000.0,152477.0,26421.0,161944.0,16.314898977424296
2007,Grapes,1685300.0,96724.0,2724.0,1591300.0,0.1711807955759442
2007,"Lentils, dry",910000.0,50.0,230434.0,1140384.0,20.20670230378539
2007,Maize (corn),18647400.0,2727457.0,4273.0,15924216.0,0.02683334614401111
2007,"Mangoes, guavas and mangosteens",15828000.0,240775.0,46.0,15587271.0,0.00029511259539915613
2007,Potatoes,28599600.0,81626.0,117.0,28518091.0,0.00041026589051840814
2007,Rice,143831100.0,54879.0,,143776221.0,0.0
2007,Soya beans,10968200.0,7460.0,29.0,10960769.0,0.000264579976094743
2007,Tea leaves,4230000.0,193215.0,19585.0,4056370.0,0.4828208472106834
2007,Tomatoes,10055000.0,134844.0,33.0,9920189.0,0.0003326549524409263
2007,Wheat,75806704.0,237.0,1793209.0,77599676.0,2.310845988583767
2008,Apples,2001000.0,43998.0,71183.0,2028185.0,3.509689697931895
2008,Bananas,26217000.0,30400.0,,26186600.0,0.0
2008,"Cashew nuts, in shell",665000.0,665.0,612817.0,1277152.0,47.98309050136554
2008,"Chick peas, dry",5748600.0,126863.0,198215.0,5819952.0,3.4057841026867575
2008,"Coffee, green",262000.0,149625.0,28837.0,141212.0,20.421069030960542
2008,Grapes,1735000.0,118134.0,2949.0,1619815.0,0.18205782759142247
2008,"Lentils, dry",810000.0,109.0,33210.0,843101.0,3.9390298433995454
2008,Maize (corn),17969200.0,3536293.0,7280.0,14440187.0,0.050414859585959655
2008,"Mangoes, guavas and mangosteens",14731000.0,274724.0,60.0,14456336.0,0.00041504292650641213
2008,Potatoes,34658000.0,196386.0,,34461614.0,0.0
2008,Rice,148412100.0,11474.0,,148400626.0,0.0
2008,Soya beans,9905430.0,44835.0,38.0,9860633.0,0.0003853707971891865
2008,Tea leaves,4291000.0,203188.0,24880.0,4112692.0,0.6049565588670389
2008,Tomatoes,10303000.0,124501.0,62.0,10178561.0,0.0006091234311019013
2008,Wheat,78570200.0,1120.0,20.0,78569100.0,2.5455299857068493e-05
2009,Apples,1985000.0,26739.0,98715.0,2056976.0,4.799035088401615
2009,Bananas,26469500.0,54271.0,,26415229.0,0.0
2009,"Cashew nuts, in shell",695000.0,540.0,752460.0,1446920.0,52.00425731899483
2009,"Chick peas, dry",7060000.0,94951.0,337693.0,7302742.0,4.624194583349651
2009,"Coffee, green",262300.0,125469.0,40683.0,177514.0,22.91819236792591
2009,Grapes,1878000.0,117249.0,2387.0,1763138.0,0.13538361716439665
2009,"Lentils, dry",953300.0,601.0,288078.0,1240777.0,23.21754835881065
2009,Maize (corn),17904191.0,2396817.0,19064.0,15526438.0,0.12278411828907572
2009,"Mangoes, guavas and mangosteens",17296700.0,286616.0,31.0,17010115.0,0.00018224450569558174
2009,Potatoes,34390900.0,96635.0,,34294265.0,0.0
2009,Rice,135206915.0,23910.0,,135183005.0,0.0
2009,Soya beans,9964477.0,24457.0,51.0,9940071.0,0.0005130748060049068
2009,Tea leaves,4229000.0,203783.0,34294.0,4059511.0,0.8447815512755108
2009,Tomatoes,11148800.0,105558.0,42.0,11043284.0,0.00038032165069738316
2009,Wheat,80679400.0,30.0,164383.0,80843753.0,0.20333420196363225
2010,Apples,1777200.0,47493.0,93264.0,1822971.0,5.116044084080328
2010,Bananas,29780000.0,60813.0,,29719187.0,0.0
2010,"Cashew nuts, in shell",613000.0,1639.0,447717.0,1059078.0,42.27422342830273
2010,"Chick peas, dry",7480000.0,215569.0,56212.0,7320643.0,0.7678560476176751
2010,"Coffee, green",289600.0,177907.0,30596.0,142289.0,21.50271630273598
2010,Grapes,880700.0,129124.0,2862.0,754438.0,0.37935522866027427
2010,"Lentils, dry",1031600.0,323.0,150033.0,1181310.0,12.700561241333775
2010,Maize (corn),21063550.6,2293395.0,7049.0,18777204.6,0.03754019914125024
2010,"Mangoes, guavas and mangosteens",17759500.0,260450.0,131.0,17499181.0,0.0007486064633539136
2010,Potatoes,36577300.0,173865.0,,36403435.0,0.0
2010,Rice,140674810.06,11078.0,,140663732.06,0.0
2010,Soya beans,12733697.0,14489.0,5.0,12719213.0,3.931060828999404e-05
2010,Tea leaves,4309000.0,234494.0,17297.0,4091803.0,0.42272318584252466
2010,Tomatoes,12433200.0,67547.0,62.0,12365715.0,0.0005013862926648399
2010,Wheat,80803600.0,347.0,185256.0,80988509.0,0.2287435616329225
2011,"Almonds, in shell",14000.0,17.0,77927.0,91910.0,84.78620389511478
2011,Apples,2891000.0,25728.0,178167.0,3043439.0,5.854134089758329
2011,Bananas,28455100.0,40906.0,1.0,28414195.0,3.5193676963222078e-06
2011,"Cashew nuts, in shell",674600.0,639.0,796740.0,1470701.0,54.174165924956874
2011,"Chick peas, dry",8220000.0,177438.0,142732.0,8185294.0,1.7437614336149685
2011,"Coffee, green",302000.0,230973.0,50973.0,122000.0,41.7811475409836
2011,Grapes,1235000.0,75355.0,3902.0,1163547.0,0.3353538791299363
2011,Kiwi fruit,1000.0,20.0,3884.0,4864.0,79.85197368421053
2011,"Lentils, dry",943800.0,293.0,102366.0,1045873.0,9.787612836357761
2011,Maize (corn),21574657.4,3952004.0,12261.0,17634914.4,0.06952684726385744
2011,"Mangoes, guavas and mangosteens",17650000.0,229189.0,630.0,17421441.0,0.0036162335825147872
2011,Potatoes,42339400.0,211737.0,,42127663.0,0.0
2011,Rice,162151286.59,38687.0,,162112599.59,0.0
2011,Soya beans,12213513.0,30558.0,121.0,12183076.0,0.0009931810324420533
2011,Tea leaves,4763000.0,322280.0,22113.0,4462833.0,0.4954924372030054
2011,Tomatoes,16526000.0,229829.0,2.0,16296173.0,1.2272820127768649e-05
2011,Wheat,86874000.0,499901.0,25.0,86374124.0,2.894385360134014e-05
2012,"Almonds, in shell",4000.0,1.0,82129.0,86128.0,95.35691064462196
2012,Apples,2203400.0,19477.0,186169.0,2370092.0,7.854927150507238
2012,Bananas,26509000.0,53796.0,,26455204.0,0.0
2012,"Cashew nuts, in shell",725000.0,3813.0,821647.0,1542834.0,53.25569698360291
2012,"Chick peas, dry",7700000.0,143710.0,471957.0,8028247.0,5.8787055256272005
2012,"Coffee, green",314000.0,216706.0,61112.0,158406.0,38.57934674191634
2012,Grapes,2221000.0,114291.0,3954.0,2110663.0,0.1873345010548818
2012,Kiwi fruit,6000.0,4.0,5458.0,11454.0,47.65147546708574
2012,"Lentils, dry",1058700.0,781.0,441264.0,1499183.0,29.433631517966784
2012,Maize (corn),21477569.0,4271666.0,2426.0,17208329.0,0.014097824373302021
2012,"Mangoes, guavas and mangosteens",18706000.0,214601.0,779.0,18492178.0,0.004212591940224672
2012,Potatoes,41483000.0,114816.0,,41368184.0,0.0
2012,Rice,157382919.56,251172.0,1.0,157131748.56,6.36408624714155e-07
2012,Soya beans,14666448.0,46252.0,837.0,14621033.0,0.005724629716655451
2012,Tea leaves,4935000.0,224971.0,21255.0,4731284.0,0.4492437993576374
2012,Tomatoes,18653000.0,171827.0,2.0,18481175.0,1.0821822746659777e-05
2012,Wheat,94880000.0,4584369.0,1569.0,90297200.0,0.0017375954071665565
2013,"Almonds, in shell",9000.0,1636.0,98420.0,105784.0,93.03864478560084
2013,Apples,1915000.0,37163.0,194336.0,2072173.0,9.378367539775878
2013,Bananas,27575000.0,37136.0,,27537864.0,0.0
2013,"Cashew nuts, in shell",753000.0,4258.0,829927.0,1578669.0,52.571311655578214
2013,"Chick peas, dry",8832500.0,400177.0,538329.0,8970652.0,6.001001933861663
2013,"Coffee, green",318200.0,227509.0,62859.0,153550.0,40.937154021491374
2013,Grapes,2483000.0,148520.0,4076.0,2338556.0,0.17429559095441802
2013,Kiwi fruit,7000.0,6.0,5492.0,12486.0,43.98526349511453
2013,"Lentils, dry",1134000.0,813.0,679473.0,1812660.0,37.484856509218496
2013,Maize (corn),23198940.44,4749581.0,11628.0,18460987.44,0.06298687996940644
2013,"Mangoes, guavas and mangosteens",21200000.0,263802.0,652.0,20936850.0,0.0031141265281071414
2013,Potatoes,45343600.0,165243.0,,45178357.0,0.0
2013,Rice,156554654.9,241330.0,2.0,156313326.9,1.2794814362050404e-06
2013,Soya beans,11860818.02,138610.0,750.0,11722958.02,0.006397702684940606
2013,Tea leaves,5256000.0,254370.0,19732.0,5021362.0,0.39296111294107056
2013,Tomatoes,18227000.0,228364.0,3.0,17998639.0,1.6667926947143058e-05
2013,Wheat,93510000.0,6503634.0,11644.0,87018010.0,0.013381137996605529
2014,"Almonds, in shell",13000.0,46.39,91810.44,104764.05,87.63544364693804
2014,Apples,2497680.0,15774.6,204569.61,2686475.01,7.614796684820084
2014,Bananas,29724550.0,54473.47,4.2,29670080.73,1.415567432465156e-05
2014,"Cashew nuts, in shell",753000.0,15714.710000000001,906748.7899999999,1644034.08,55.15389255191108
2014,"Chick peas, dry",9530000.0,209138.42,381313.85000000003,9702175.43,3.9301891905700166
2014,"Coffee, green",304500.0,195453.53,71791.58,180838.05000000002,39.699377426376806
2014,Grapes,2585340.0,136738.66,3774.4,2452375.7399999998,0.15390789993706266
2014,Kiwi fruit,8000.0,0.54,6575.08,14574.539999999999,45.113464987574226
2014,"Lentils, dry",1017000.0,6558.349999999999,729758.5199999999,1740200.17,41.93532057866653
2014,Maize (corn),24127852.08,3571036.56,6983.92,20563799.44,0.03396220635382738
2014,"Mangoes, guavas and mangosteens",22099000.0,210591.57,1035.51,21889443.94,0.004730636387285039
2014,Potatoes,46395000.0,300116.69,,46094883.31,0.0
2014,Rice,159810501.3,181609.76,201.69,159629093.23000002,0.00012634914846593594
2014,Soya beans,10373800.0,204365.44,3875.56,10173310.120000001,0.03809536870778102
2014,Tea leaves,5249000.0,212599.94999999998,23177.35,5059577.399999999,0.4580886538073319
2014,Tomatoes,18735910.0,294943.51999999996,,18440966.48,0.0
2014,Wheat,95850000.0,3950910.39,18817.38,91917906.99,0.020471941340055966
2015,"Almonds, in shell",10000.0,56.72,87217.43,97160.70999999999,89.76615135891865
2015,Apples,2134000.0,18307.38,193692.02,2309384.64,8.387170185733979
2015,Bananas,29221000.0,80184.32,,29140815.68,0.0
2015,"Cashew nuts, in shell",745000.0,6583.51,969647.19,1708063.68,56.768796231297415
2015,"Chick peas, dry",7332000.0,187726.44,688125.36,7832398.92,8.78562707324412
2015,"Coffee, green",327000.0,209418.48,65312.11,182893.62999999998,35.710434529622496
2015,Grapes,2602000.0,75665.47,5106.7,2531441.23,0.2017309325407487
2015,Kiwi fruit,8000.0,4.29,12388.51,20384.22,60.77500144719787
2015,"Lentils, dry",1035000.0,3650.94,1161801.87,2193150.93,52.97409558584278
2015,Maize (corn),23212166.9,913830.94,28464.519999999997,22326800.479999997,0.12749036757639357
2015,"Mangoes, guavas and mangosteens",22521000.0,173784.62,751.47,22347966.849999998,0.0033625877693656955
2015,Potatoes,48009000.0,207653.87000000002,24.36,47801370.49,5.096088197951581e-05
2015,Rice,158254967.78,200208.43000000002,,158054759.35,0.0
2015,Soya beans,8569794.62,211930.88,13358.7,8371222.439999999,0.15957884401886713
2015,Tea leaves,5361000.0,235123.76,20425.08,5146301.32,0.39688853663935864
2015,Tomatoes,16385000.0,186226.23,,16198773.77,0.0
2015,Wheat,86530000.0,602899.72,511915.59,86439015.87,0.5922274621565518
2016,"Almonds, in shell",7933.0,164.28,120238.62,128007.34,93.93103551718205
2016,Apples,2521000.0,12409.61,246807.61,2755398.0,8.95723993412204
2016,Bananas,29135000.0,111791.71,,29023208.29,0.0
2016,"Cashew nuts, in shell",671000.0,5634.4800000000005,726824.21,1392189.73,52.20726703679964
2016,"Chick peas, dry",7058000.0,121201.31,873541.8999999999,7810340.590000001,11.18442774593521
2016,"Coffee, green",348000.0,250414.96,71001.55,168586.59,42.115775637908094
2016,Grapes,2590000.0,146986.63,4558.38,2447571.75,0.1862409140814769
2016,Kiwi fruit,10646.34,15.42,24480.73,35111.65,69.72252799284567
2016,"Lentils, dry",976000.0,20416.03,753565.64,1709149.61,44.09009226524061
2016,Maize (corn),25433487.4,482847.76,179880.76,25130520.4,0.7157860527233652
2016,"Mangoes, guavas and mangosteens",22690327.08,193245.02,523.96,22497606.02,0.002328958910268978
2016,Potatoes,43417000.0,220223.13,,43196776.87,0.0
2016,Rice,163947351.09,103803.09999999999,13.99,163843561.98000002,8.538632724371388e-06
2016,Soya beans,13158730.0,149652.03,63622.97,13072700.940000001,0.4866857299957479
2016,Tea leaves,5437000.0,230439.75999999998,16983.89,5223544.13,0.3251411221445927
2016,Tomatoes,18732000.0,247990.39,,18484009.61,0.0
2016,Wheat,92290000.0,198965.27000000002,1910832.5899999999,94001867.32000001,2.032760246661023
2017,"Almonds, in shell",7061.0,566.52,136111.51,142605.99000000002,95.44585749869272
2017,Apples,2265000.0,7278.35,330604.56000000006,2588326.21,12.772909331239205
2017,Bananas,30477000.0,89833.70999999999,,30387166.29,0.0
2017,"Cashew nuts, in shell",745000.0,8896.92,701501.86,1437604.94,48.79656715703829
2017,"Chick peas, dry",9377560.0,86988.45,1552898.4400000002,10843469.99,14.321047058110596
2017,"Coffee, green",312000.0,262769.55,76026.15,125256.60000000003,60.696322588989304
2017,Grapes,2922000.0,185172.41,5422.9800000000005,2742250.57,0.1977565456390807
2017,Kiwi fruit,11991.0,0.35000000000000003,27112.24,39102.89000000001,69.33564245507172
2017,"Lentils, dry",1223850.0,9476.869999999999,1122853.47,2337226.5999999996,48.04213121654529
2017,Maize (corn),27099085.11,573306.3,82019.96,26607798.77,0.30825533787664017
2017,"Mangoes, guavas and mangosteens",23332591.0,172440.15,483.24,23160634.09,0.0020864713725978995
2017,Potatoes,48605000.0,339480.93,458.0,48265977.07,0.0009489085848935865
2017,Rice,165796205.79,167297.38999999998,4.9,165628913.3,2.9584206660371777e-06
2017,Soya beans,10932972.36,292482.74,76253.48999999999,10716743.11,0.7115360442749289
2017,Tea leaves,5761000.0,261361.69999999998,18265.22,5517903.52,0.3310173861104408
2017,Tomatoes,20708000.0,32576.110000000004,1.69,20675425.580000002,8.173955082379492e-06
2017,Wheat,98510220.0,201956.16,5346726.880000001,103654990.72,5.1581953197438875
2018,"Almonds, in shell",13688.0,389.9,149055.63,162353.73,91.80918110104399
2018,Apples,2327000.0,12893.64,280093.72,2594200.0799999996,10.796920490419538
2018,Bananas,30808000.0,116106.94,,30691893.06,0.0
2018,"Cashew nuts, in shell",817000.0,12690.460000000001,870919.11,1675228.65,51.98807398619885
2018,"Chick peas, dry",11379190.0,256913.26,199771.47,11322048.21,1.7644463819148495
2018,"Coffee, green",316000.0,229986.48,83842.61,169856.12999999998,49.360956239848406
2018,Grapes,2920000.0,171718.84,6436.3099999999995,2754717.47,0.2336468283987032
2018,Kiwi fruit,12037.0,3.72,40286.69,52319.97,77.00059843306485
2018,"Lentils, dry",1621810.0,15483.35,217072.15999999997,1823398.8099999998,11.904809787607572
2018,Maize (corn),28048097.7,1015057.23,29238.0,27062278.47,0.10803968347458956
2018,"Mangoes, guavas and mangosteens",24965999.18,153283.4,644.9499999999999,24813360.73,0.0025992045455585488
2018,Potatoes,51310000.0,336713.97000000003,393.73,50973679.76,0.0007724182398716431
2018,Rice,176493653.91,242593.86,63.43,176251123.48,3.5988423079298945e-05
2018,Soya beans,13267518.8,209846.39,160833.37,13218505.78,1.2167288245494872
2018,Tea leaves,5820000.0,262421.85,12122.2,5569700.350000001,0.21764546094477058
2018,Tomatoes,19759000.0,67140.55,,19691859.45,0.0
2018,Wheat,99869520.0,168314.9,85342.98000000001,99786548.08,0.08552553589846558
2019,"Almonds, in shell",10967.0,113.1,161652.4,172506.3,93.70811384859567
2019,Apples,2316000.0,19431.13,242712.72,2539281.5900000003,9.558322359986864
2019,Bananas,30460000.0,173803.87,,30286196.13,0.0
2019,"Cashew nuts, in shell",743000.0,16221.67,850202.07,1576980.4,53.91329340554899
2019,"Chick peas, dry",9937990.0,123493.2,371787.43,10186284.23,3.6498827404112206
2019,"Coffee, green",319500.0,232663.82,83623.51999999999,170459.7,49.05764823005085
2019,Grapes,3041000.0,215216.18000000002,8158.67,2833942.4899999998,0.2878911632395194
2019,Kiwi fruit,12524.61,41.4,43205.33,55688.54,77.58387991496994
2019,"Lentils, dry",1227820.0,17338.149999999998,822349.5099999999,2032831.3599999999,40.45340534297936
2019,Maize (corn),27730830.78,379469.93000000005,312389.89,27663750.740000002,1.1292391004243123
2019,"Mangoes, guavas and mangosteens",25630690.5,147241.61000000002,910.94,25484359.830000002,0.003574506113069586
2019,Potatoes,50190000.0,417401.91000000003,10.0,49772608.09,2.0091372310484042e-05
2019,Rice,175071504.27,247390.29,41.04,174824155.02,2.3475016936478253e-05
2019,Soya beans,11225853.4,103728.06,228739.57,11350864.91,2.0151730446415823
2019,Tea leaves,6044000.0,258047.29,20891.14,5806843.85,0.35976755255783227
2019,Tomatoes,19007000.0,79591.0,,18927409.0,0.0
2019,Wheat,103596230.0,190058.05000000002,1665.8600000000001,103407837.81,0.0016109610598964714
2020,"Almonds, in shell",10874.0,93.05000000000001,218120.4,228901.35,95.29013262700286
2020,Apples,2814000.0,30346.149999999998,215537.91,2999191.7600000002,7.186533147850473
2020,Bananas,32597000.0,212015.51,20.02,32385004.509999998,6.181873463632876e-05
2020,"Cashew nuts, in shell",703000.0,15318.22,874081.5599999999,1561763.34,55.96760646206486
2020,"Chick peas, dry",11078500.0,174206.44999999998,305839.17000000004,11210132.72,2.7282386180348452
2020,"Coffee, green",298000.0,205809.19,77584.47,169775.27999999997,45.69833134717847
2020,Grapes,3181000.0,180644.05,6554.82,3006910.77,0.21799183618608012
2020,Kiwi fruit,13781.11,63.36,46912.86,60630.61,77.37487714538909
2020,"Lentils, dry",1103030.0,18117.64,1061305.42,2146217.78,49.45003391035182
2020,Maize (corn),30891725.28,1766875.8500000003,231798.28,29356647.71,0.7895938333621131
2020,"Mangoes, guavas and mangosteens",24677842.12,128000.28,655.9,24550497.74,0.002671636261497646
2020,Potatoes,48562000.0,296409.42000000004,79.6,48265670.18,0.00016492053192909792
2020,Rice,182702924.12,414411.8,0.30000000000000004,182288512.62,1.645742760682799e-07
2020,Soya beans,12610296.12,72020.53,505223.2,13043498.79,3.8733717703668376
2020,Tea leaves,5485000.0,210475.31,33183.729999999996,5307708.420000001,0.6251988122587938
2020,Tomatoes,20550000.0,95558.79,,20454441.21,0.0
2020,Wheat,107860510.0,928683.79,221.6,106932047.80999999,0.00020723441151500758
2021,"Almonds, in shell",11282.0,393.36,220392.49,231281.13,95.29203268766457
2021,Apples,2276000.0,29050.18,436194.04,2683143.86,16.256826423015575
2021,Bananas,33062000.0,340731.11,,32721268.89,0.0
2021,"Cashew nuts, in shell",738000.0,26268.46,874263.9400000001,1585995.48,55.12398686029043
2021,"Chick peas, dry",11911180.0,94033.17,238620.24,12055767.07,1.979303669476089
2021,"Coffee, green",334000.0,263401.3,80453.44,151052.14,53.26203256703281
2021,Grapes,3358000.0,268233.24,8343.890000000001,3098110.6500000004,0.26932188493654996
2021,Kiwi fruit,15946.0,116.81,67256.99,83086.18000000001,80.94846820494094
2021,"Lentils, dry",1493850.0,9496.960000000001,724536.72,2208889.76,32.80094521330933
2021,Maize (corn),32772407.24,3615752.14,24382.23,29181037.33,0.08355504886364504
2021,"Mangoes, guavas and mangosteens",24968289.83,170212.38,202.74,24798280.189999998,0.000817556695249196
2021,Potatoes,54230000.0,350036.18,2932.95,53882896.77,0.0054431928790305084
2021,Rice,195241449.38,691012.92,228.32000000000002,194550664.78,0.00011735760464153989
2021,Soya beans,12986722.0,24477.93,614922.75,13577166.82,4.529094752626748
2021,Tea leaves,6090000.0,197231.11000000002,31153.94,5923922.83,0.525900503670133
2021,Tomatoes,21181000.0,86965.56000000001,,21094034.44,0.0
2021,Wheat,109586500.0,6090607.37,56.66,103495949.28999999,5.474610396706088e-05
2022,"Almonds, in shell",12046.0,316.67,233745.98,245475.31,95.2217882930874
2022,Apples,2589000.0,52892.13,392482.89,2928590.7600000002,13.401766315755225
2022,Bananas,34528000.0,362364.09,,34165635.91,0.0
2022,"Cashew nuts, in shell",752000.0,6693.7300000000005,1374930.05,2120236.32,64.84796232525628
2022,"Chick peas, dry",13543630.0,235081.08,82821.89,13391370.81,0.6184720830682456
2022,"Coffee, green",352000.0,270299.66,102195.74,183896.08000000002,55.572549452930154
2022,Grapes,3401000.0,275504.26,11216.86,3136712.5999999996,0.3575992266553207
2022,Kiwi fruit,15840.0,134.0,45935.79,61641.79,74.52053225579594
2022,"Lentils, dry",1268830.0,64891.47,646755.93,1850694.4600000002,34.946661589941755
2022,Maize (corn),34722657.26,3486496.4,17359.11,31253519.97,0.05554289570154936
2022,"Mangoes, guavas and mangosteens",26299000.0,171731.47,404.86,26127673.39,0.001549544783252513
2022,Potatoes,56176000.0,441905.73,4925.92,55739020.190000005,0.008837471457533346
2022,Rice,193473289.35,460635.15,1.4200000000000002,193012655.61999997,7.35703052962326e-07
2022,Soya beans,14984927.37,54393.26,489574.92,15420109.03,3.1749121815385766
2022,Tea leaves,6231000.0,231393.23,31008.210000000003,6030614.9799999995,0.514179898780406
2022,Tomatoes,20694000.0,79139.22,,20614860.78,0.0
2022,Wheat,107742070.0,6798598.29,49.56,100943521.27,4.909676161131604e-05
2023,"Almonds, in shell",12455.0,117.11999999999999,259744.08,272081.95999999996,95.46538109325587
2023,Apples,2876000.0,22337.959999999995,469550.5,3323212.54,14.129415267553124
2023,Bananas,36614000.0,499131.24000000005,0.07,36114868.83,1.938259843321159e-07
2023,"Cashew nuts, in shell",782000.0,20788.07,1181684.83,1942896.76,60.82077310170614
2023,"Chick peas, dry",12267289.55,293352.42,223814.11,12197751.24,1.8348800987681066
2023,"Coffee, green",360500.0,232176.62,90539.77,218863.15000000002,41.368211140157676
2023,Grapes,3740000.0,284269.16,19322.21,3475053.05,0.5560263317418995
2023,Kiwi fruit,18014.0,527.95,49167.07,66653.12000000001,73.76559416873508
2023,"Lentils, dry",1558636.62,155090.78,1681137.3499999999,3084683.19,54.49951409758873
2023,Maize (corn),36656692.78,2311641.02,10801.24,34355853.0,0.0314393008958328
2023,"Mangoes, guavas and mangosteens",26236000.0,111759.4,358.46000000000004,26124599.060000002,0.0013721167516359961
2023,Potatoes,60142000.0,516993.45,3199.23,59628205.779999994,0.005365296436729377
2023,Rice,207753551.26,444995.64,31.270000000000003,207308586.89000002,1.5083793907963963e-05
2023,Soya beans,13061988.83,22477.36,724938.63,13764450.100000001,5.26674603586234
2023,Tea leaves,6033531.0,226767.98,24217.739999999998,5830980.76,0.4153287585191757
2023,Tomatoes,20425000.0,96801.85,37.19,20328235.34,0.00018294750812344738
2023,Wheat,110553675.31,157566.49,85007.60999999999,110481116.43,0.07694311276611705
2024,"Almonds, in shell",12345.47,89.05,269521.82,281778.24,95.6503312675954
2024,Apples,2625899.0,32874.3,519651.99,3112676.6900000004,16.69469854255888
2024,Bananas,37614362.0,763861.96,,36850500.04,0.0
2024,"Cashew nuts, in shell",794910.0,28468.5,1198895.21,1965336.71,61.0020259581881
2024,"Chick peas, dry",11038755.76,247290.52,528316.6799999999,11319781.92,4.6671983942248945
2024,"Coffee, green",363000.0,254406.38999999998,78464.04999999999,187057.66,41.94645116377484
2024,Grapes,3904287.0,310425.26,21855.79,3615717.5300000003,0.6044661901451135
2024,Kiwi fruit,17330.07,56.49,49143.06,66416.64,73.9920899340888
2024,"Lentils, dry",1791435.76,168504.65,1060260.18,2683191.29,39.5148934759698
2024,Maize (corn),40230572.74,501298.89,895399.6,40624673.45,2.2040782705663813
2024,"Mangoes, guavas and mangosteens",27766261.0,107294.54,602.23,27659568.69,0.0021772935317596956
2024,Potatoes,57053344.0,506349.85000000003,1640.56,56548634.71,0.0029011487340292676
2024,Rice,217867864.16,354676.96,0.5900000000000001,217513187.79,2.712479211005913e-07
2024,Soya beans,15132082.17,7169.2,593081.28,15717994.25,3.773263118479637
2024,Tea leaves,6156031.41,249933.28,43762.659999999996,5949860.79,0.735524099547882
2024,Tomatoes,21323223.0,77983.83,,21245239.17,0.0
2024,Wheat,113292368.0,72048.48999999999,116428.4,113336747.91000001,0.10272784612847287
