Partner Country Code (M49),Partner Countries,iso3,country,capital,latitude,longitude,distance_km
4,Afghanistan,AFG,Afghanistan,Kabul,34.51667,69.2,1002.9527124104854
8,Albania,ALB,Albania,Tirana,41.33333,19.81667,5317.453750775707
12,Algeria,DZA,Algeria,Algiers,36.83333,3.0,6830.689369505322
24,Angola,AGO,Angola,Luanda,-8.833333,13.25,8018.450309944656
32,Argentina,ARG,Argentina,Buenos Aires,-34.66667,-58.5,15803.099696243316
51,Armenia,ARM,Armenia,Yerevan,40.18333,44.5,3242.0245526042922
36,Australia,AUS,Australia,Canberra,-35.3,149.133,10354.14409830728
40,Austria,AUT,Austria,Vienna,48.21667,16.36667,5565.876795654235
31,Azerbaijan,AZE,Azerbaijan,Baku (Baki),40.36666,49.88334,2808.9519006469004
44,Bahamas,BHS,Bahamas,Nassau,25.08333,-77.33334,13453.27374020603
48,Bahrain,BHR,Bahrain,Manama,26.2,50.63334,2632.450908574484
50,Bangladesh,BGD,Bangladesh,Dhaka,23.7,90.36667,1420.6060378421685
52,Barbados,BRB,Barbados,Bridgetown,13.1,-59.61666,13454.700907216173
112,Belarus,BLR,Belarus,Minsk,53.85,27.5,4872.203206271063
56,Belgium,BEL,Belgium and Luxembourg,Brussels,50.83333,4.35,6413.5848356347515
84,Belize,BLZ,Belize,Belmopan,17.21667,-88.8,14701.508029876932
204,Benin,BEN,Benin,Porto-Novo,6.5,2.783333,8144.460522743463
64,Bhutan,BTN,Bhutan,Thimphu,27.53333,89.75,1234.966136613527
68,Bolivia (Plurinational State of),BOL,Bolivia,Sucre,-19.083,-65.25,16071.447147537901
70,Bosnia and Herzegovina,BIH,Bosnia and Herzegovina,Sarajevo,43.86666,18.43333,5415.960641906523
72,Botswana,BWA,Botswana,Gaborone,-24.75,25.91667,8080.15095618516
76,Brazil,BRA,Brazil,Brasilia,-15.78,-47.91,14238.19804883822
96,Brunei Darussalam,BRN,Brunei Darussalam,Bandar Seri Begawan,4.933333,114.9667,4768.623109644804
100,Bulgaria,BGR,Bulgaria,Sofia,42.66667,23.3,5024.842088029114
854,Burkina Faso,BFA,Burkina Faso,Ouagadougou,12.33333,-1.666667,8281.2932918483
108,Burundi,BDI,Burundi,Bujumbura,-3.366667,29.31667,6225.419735211545
116,Cambodia,KHM,Cambodia,Phnom Penh,11.58333,104.9167,3441.9744142695317
120,Cameroon,CMR,Cameroon,Yaounde,3.85,11.51667,7437.197470355537
124,Canada,CAN,Canada,Ottawa,45.42,-75.71,11339.239814279874
140,Central African Republic,CAF,Central African Republic,Bangui,4.383333,18.61667,6725.762196955379
148,Chad,TCD,Chad,N'Djamena,12.16667,14.98333,6666.413136068139
152,Chile,CHL,Chile,Santiago,-33.5,-70.66666,16920.67153311452
344,"China, Hong Kong SAR",HKG,Hong Kong,Victoria,22.26667,114.15,3759.949352937716
446,"China, Macao SAR",MAC,Macau (Aomen),Aomen,22.27,113.56,3702.2902645582235
156,"China, mainland",CHN,China,Beijing,39.91667,116.4333,3781.464195320433
158,"China, Taiwan Province of",TWN,Taiwan,Taipei,25.08333,121.5333,4389.463591265317
170,Colombia,COL,Colombia,Bogota,4.633333,-75.06667,15276.23526463636
174,Comoros,COM,Comoros,Moroni,-11.66667,43.26667,5776.9894180405945
178,Congo,COG,Congo,Brazzaville,-4.233333,15.23333,7552.5859841816555
188,Costa Rica,CRI,Costa Rica,San Jose,9.983334,-84.06667,15275.390684051625
384,Côte d'Ivoire,CIV,Côte d'Ivoire,Yamoussoukro,6.82,-5.28,8914.685559015084
191,Croatia,HRV,Croatia,Zagreb,45.8,15.96667,5601.706360693636
192,Cuba,CUB,Cuba,Havana,23.11667,-82.41666,13862.678594232842
196,Cyprus,CYP,Cyprus,Nicosia,35.15,33.35,4171.245410829194
203,Czechia,CZE,Czech Republic,Prague,50.1,14.43333,5706.560394901874
408,Democratic People's Republic of Korea,PRK,"Korea, Dem. People's Rep. of",Pyongyang,39.0,125.7833,4576.879914516306
180,Democratic Republic of the Congo,COD,Congo (Democratic Republic of the),Kinshasa,-4.3,15.3,7550.471654711011
208,Denmark,DNK,Denmark,Copenhagen,55.66667,12.58333,5846.974609763495
262,Djibouti,DJI,Djibouti,Djibouti,11.6,43.15,4007.0296203744124
212,Dominica,DMA,Dominica,Roseau,15.3,-61.38334,13408.031508356937
214,Dominican Republic,DOM,Dominican Republic,Santo Domingo,18.5,-69.78333,13688.873030794823
218,Ecuador,ECU,Ecuador,Quito,-0.2333333,-78.5,15937.889441849804
818,Egypt,EGY,Egypt,Cairo,30.05,31.25,4428.472173909593
222,El Salvador,SLV,El Salvador,San Salvador,13.66667,-89.16666,15090.599138971464
226,Equatorial Guinea,GNQ,Equatorial Guinea,Malabo,3.75,8.8,7705.285777338787
232,Eritrea,ERI,Eritrea,Asmara,15.33333,38.88334,4197.156783709531
233,Estonia,EST,Estonia,Tallinn,59.41667,24.75,5205.001858772424
748,Eswatini,SWZ,Swaziland,Mbabane,-26.33333,31.13333,7843.07170469821
231,Ethiopia,ETH,Ethiopia,Addis Ababa,9.05,38.83333,4557.245264061662
242,Fiji,FJI,Fiji,Suva,-18.13333,178.4167,12023.02410065163
246,Finland,FIN,Finland,Helsinki,60.13334,25.0,5215.952945243741
250,France,FRA,France,Paris,48.86666,2.333333,6588.053224994354
258,French Polynesia,PYF,French Polynesia,Papeete,-17.53333,-149.5667,15105.40771272624
266,Gabon,GAB,Gabon,Libreville,0.3833333,9.416667,7831.974248997706
270,Gambia,GMB,Gambia,Banjul,13.46667,-16.65,9663.550103308211
268,Georgia,GEO,Georgia,Tbilisi,41.71667,44.81667,3259.3031745164394
276,Germany,DEU,Germany,Berlin,52.533,13.417,5780.147011489692
288,Ghana,GHA,Ghana,Accra,5.55,-0.25,8490.148944042125
300,Greece,GRC,Greece,Athens,38.0,23.73333,5009.237571090582
308,Grenada,GRD,Grenada,Saint George's,12.06667,-61.73333,13696.930821642596
320,Guatemala,GTM,Guatemala,Guatemala,14.63333,-90.51667,15028.209292593448
324,Guinea,GIN,Guinea,Conakry,9.516666,-15.71667,9785.265656028361
624,Guinea-Bissau,GNB,Guinea-Bissau,Bissau,11.86667,-15.65,9653.61883295516
328,Guyana,GUY,Guyana,Georgetown,6.766667,-58.16667,13825.825944770264
332,Haiti,HTI,Haiti,Port-au-Prince,18.55,-72.33334,13833.51487263879
340,Honduras,HND,Honduras,Tegucigalpa,14.08333,-87.23333,14981.129130335663
348,Hungary,HUN,Hungary,Budapest,47.5,19.05,5364.760386864549
352,Iceland,ISL,Iceland,Reykjavik,64.15,-21.96667,7593.3035337340825
360,Indonesia,IDN,Indonesia,Jakarta,-6.133333,106.75,4993.546328004081
364,Iran (Islamic Republic of),IRN,Iran,Tehran,35.66667,51.43333,2542.2091304770393
368,Iraq,IRQ,Iraq,Baghdad,33.33333,44.43333,3155.958588669031
372,Ireland,IRL,Ireland,Dublin,53.33333,-6.25,7077.793107246976
376,Israel,ISR,Israel,Tel Aviv,32.08333,34.76667,4065.628404436001
380,Italy,ITA,Italy,Rome,41.88334,12.5,5916.674095107869
388,Jamaica,JAM,Jamaica,Kingston,17.96667,-76.8,14130.371805788027
392,Japan,JPN,Japan,Tokyo,35.66667,139.75,5842.232014440779
400,Jordan,JOR,Jordan,Amman,31.95,35.93333,3957.6955468454776
398,Kazakhstan,KAZ,Kazakstan,Astana,51.17,71.47,2553.3734052400996
404,Kenya,KEN,Kenya,Nairobi,-1.283333,36.83333,5433.987898014537
296,Kiribati,KIR,Kiribati,Tarawa (Bairiki),1.383333,173.15,10512.366882155517
414,Kuwait,KWT,Kuwait,Kuwait,29.33333,48.0,2835.8211057413473
417,Kyrgyzstan,KGZ,Kyrgyzstan,Bishkek,42.9,74.6,1605.4567467492582
428,Latvia,LVA,Latvia,Riga,56.95,24.1,5166.728859831846
422,Lebanon,LBN,Lebanon,Beirut,33.86666,35.5,3981.615575367569
430,Liberia,LBR,Liberia,Monrovia,6.333333,-10.76667,9474.709739026219
434,Libya,LBY,Libyan Arab Jamahiriya,Tripoli,32.73333,13.11667,6053.629554881623
440,Lithuania,LTU,Lithuania,Vilnius,54.68333,25.31667,5032.259527391903
450,Madagascar,MDG,Madagascar,Antananarivo,-18.86667,47.5,6170.132996692938
454,Malawi,MWI,Malawi,Lilongwe,-13.96667,33.81667,6646.911286747213
458,Malaysia,MYS,Malaysia,Kuala Lumpur,3.133333,101.7,3838.8313141033054
462,Maldives,MDV,Maldives,Male,4.166667,73.46667,2747.428566403176
466,Mali,MLI,Mali,Bamako,12.66667,-7.983333,8875.902597477558
470,Malta,MLT,Malta,Valletta,35.9,14.53333,5850.53387121091
474,Martinique,MTQ,Martinique,Fort-de-France,14.6,-61.08333,13443.45164499727
478,Mauritania,MRT,Mauritania,Nouakchott,18.15,-15.96667,9350.980317174415
480,Mauritius,MUS,Mauritius,Port Louis,-20.16667,57.5,5822.975607264603
484,Mexico,MEX,Mexico,Mexico (Distrito Federal),19.41667,-99.16666,14659.908762023893
583,Micronesia (Federated States of),FSM,Micronesia (Federated States of),Palikir,6.916667,158.25,8766.913651643714
496,Mongolia,MNG,Mongolia,Ulaanbaatar,47.9,106.8667,3325.4928113986953
504,Morocco,MAR,Morocco,Rabat,34.03333,-6.85,7775.268819976928
508,Mozambique,MOZ,Mozambique,Maputo,-25.96667,32.58333,7716.397734599136
104,Myanmar,MMR,Burma,Rangoon,16.78333,96.16666,2341.88616329966
516,Namibia,NAM,Namibia,Windhoek,-22.56667,17.1,8593.809163199734
524,Nepal,NPL,Nepal,Kathmandu,27.7,85.31667,800.4339445742334
528,Netherlands (Kingdom of the),NLD,Netherlands,Amsterdam,52.35,4.9,6357.460004804903
540,New Caledonia,NCL,New Caledonia,Noumea,-22.26667,166.45,11099.853396744675
554,New Zealand,NZL,New Zealand,Wellington,-44.28333,174.7833,12749.082110394997
558,Nicaragua,NIC,Nicaragua,Managua,12.1,-86.3,15153.117624235527
562,Niger,NER,Niger,Niamey,13.53333,2.083333,7857.838600159797
566,Nigeria,NGA,Nigeria,Abuja,9.18,7.17,7578.188208003617
578,Norway,NOR,Norway,Oslo,59.91667,10.75,5986.066335949758
512,Oman,OMN,Oman,Muscat,23.61667,58.63334,1934.4078333352675
586,Pakistan,PAK,Pakistan,Islamabad,33.66667,73.13333,682.729880538837
275,Palestine,PSE,Palestine,Gaza,31.53,34.44,4103.149047597995
591,Panama,PAN,Panama,Panama,8.95,-79.5,15147.18238743536
598,Papua New Guinea,PNG,Papua New Guinea,Port Moresby,-9.5,147.1167,8604.206509756355
600,Paraguay,PRY,Paraguay,Asuncion,-25.25,-57.66667,15552.808267672342
604,Peru,PER,Peru,Lima,-12.1,-77.05,16777.20000027679
608,Philippines,PHL,Philippines,Manila,14.61667,120.9667,4752.271687366133
616,Poland,POL,Poland,Warsaw,52.25,21.0,5264.896657577059
620,Portugal,PRT,Portugal,Lisbon,38.73333,-9.133333,7775.17247055119
634,Qatar,QAT,Qatar,Doha,25.25,51.53333,2568.4266382771593
410,Republic of Korea,KOR,Korea,Seoul,37.5,127.0,4688.2752194273335
498,Republic of Moldova,MDA,"Moldova, Rep.of",Chisinau,47.0,28.83333,4624.782329273415
642,Romania,ROU,Romania,Bucharest,44.41667,26.11667,4803.843905463052
643,Russian Federation,RUS,Russian Federation,Moscow,55.75,37.7,4337.813911083233
646,Rwanda,RWA,Rwanda,Kigali,-1.933333,30.06667,6061.655320904235
659,Saint Kitts and Nevis,KNA,Saint Kitts and Nevis,Basseterre,17.28333,-62.71667,13337.378195380465
882,Samoa,WSM,Samoa,Apia,-13.8,171.75,11171.14111210457
678,Sao Tome and Principe,STP,Sao Tome and Principe,Sao Tome,0.2,6.716667,8101.710871104623
682,Saudi Arabia,SAU,Saudi Arabia,Riyadh,24.65,46.76667,3050.2928733853737
686,Senegal,SEN,Senegal,Dakar,14.63333,-17.45,9676.778248234617
688,Serbia,SRB,Serbia,Belgrade,44.79,20.45,5253.4594263604795
690,Seychelles,SYC,Seychelles,Victoria,-4.633333,55.46667,4368.390598928003
694,Sierra Leone,SLE,Sierra Leone,Freetown,8.5,-13.28333,9604.522169438764
702,Singapore,SGP,Singapore,Singapore,1.283333,103.85,4150.142844891839
703,Slovakia,SVK,Slovakia,Bratislava,48.16667,17.16667,5506.551073182029
705,Slovenia,SVN,Slovenia,Ljubljana,46.06667,14.5,5713.59590750485
90,Solomon Islands,SLB,Solomon Islands,Honiara,-9.466666,159.95,9811.604856304173
706,Somalia,SOM,Somalia,Mogadishu,2.033333,45.35,4487.162056851129
710,South Africa,ZAF,South Africa,Pretoria,-25.73,28.22,7993.2566021334405
728,South Sudan,SSD,South Sudan,Juba,4.85,31.58,5481.9844258327585
724,Spain,ESP,Spain,Madrid,40.41667,-3.716667,7275.224630476575
144,Sri Lanka,LKA,Sri Lanka,Colombo,6.916667,79.86667,2428.9375693398165
729,Sudan,SDN,Sudan,Khartoum,15.55,32.53333,4796.807498346663
740,Suriname,SUR,Suriname,Paramaribo,5.866667,-55.23333,13645.12395625313
752,Sweden,SWE,Sweden,Stockholm,59.33333,18.08333,5569.000083685222
756,Switzerland,CHE,Switzerland,Bern,46.95,7.433333,6243.158569671946
760,Syrian Arab Republic,SYR,Syrian Arab Republic,Damascus,33.5,36.31667,3908.4794873350165
762,Tajikistan,TJK,Tajikistan,Dushanbe,38.63334,68.85,1355.277299731806
764,Thailand,THA,Thailand,Bangkok,13.73333,100.5,2916.9713106501185
626,Timor-Leste,TLS,East Timor,Dili,-8.57,125.58,6632.195674161094
768,Togo,TGO,Togo,Lome,6.166667,1.35,8301.724543943055
780,Trinidad and Tobago,TTO,Trinidad and Tobago,Port-of-Spain,10.63333,-61.51667,13795.314811355369
788,Tunisia,TUN,Tunisia,Tunis,36.83333,10.21667,6207.970434745458
792,Türkiye,TUR,Turkey,Ankara,39.93,32.85,4218.907186700092
795,Turkmenistan,TKM,Turkmenistan,Ashgabat,37.95,58.38334,2029.266730771123
800,Uganda,UGA,Uganda,Kampala,0.3333333,32.58333,5686.140306803077
804,Ukraine,UKR,Ukraine,Kiev (Kyyiv),50.41667,30.5,4579.187332744632
784,United Arab Emirates,ARE,United Arab Emirates,Abu Dhabi,24.46667,54.41667,2310.7043438201677
826,United Kingdom of Great Britain and Northern Ireland,GBR,United Kingdom,London,51.5,-0.1666667,6714.340625937352
834,United Republic of Tanzania,TZA,"Tanzania, United Rep. of ",Dar es Salaam,-6.17,35.74,5888.53296257147
840,United States of America,USA,United States of America,"Washington, DC",38.867,-77.0,12048.513666060027
858,Uruguay,URY,Uruguay,Montevideo,-34.91667,-56.16667,15592.36598798531
860,Uzbekistan,UZB,Uzbekistan,Tashkent (Toshkent),41.26667,69.21667,1582.619042819331
862,Venezuela (Bolivarian Republic of),VEN,Venezuela,Caracas,10.58333,-66.93333,14199.122494685575
704,Viet Nam,VNM,Viet Nam,Hanoi,21.01667,105.8667,3003.9487103267375
887,Yemen,YEM,Yemen,Sanaa,15.4,44.23333,3687.6558316689607
894,Zambia,ZMB,Zambia,Lusaka,-15.46667,28.26667,7190.538312063472
716,Zimbabwe,ZWE,Zimbabwe,Harare,-17.83333,31.05,7161.042887638529
28,Antigua and Barbuda,ATG,Antigua and Barbuda,Saint John's,17.13333,-61.83333,13288.35083099212
132,Cabo Verde,CPV,Cape Verde,Praia,14.91667,-23.5,10227.058959074831
234,Faroe Islands,FRO,Faroe Islands,Torshavn,62.01667,-6.766667,6918.209728871877
418,Lao People's Democratic Republic,LAO,Lao People's Democratic Republic,Vientiane,17.98333,102.6333,2843.924868057249
426,Lesotho,LSO,Lesotho,Maseru,-29.31667,27.48333,8330.422076801447
442,Luxembourg,LUX,Luxembourg,Luxembourg,49.6,6.15,6302.319454367064
584,Marshall Islands,MHL,Marshall Islands,Majuro,7.15,171.2,10013.232482288893
499,Montenegro,MNE,Montenegro,Podgorica,42.44,19.26,5356.30218627599
520,Naoero,NRU,Nauru,Yaren,-0.5333334,166.9167,10006.667264422264
807,North Macedonia,MKD,Macedonia (the former Yugoslav Rep. of),Skopje,42.0,21.46667,5176.903037206227
662,Saint Lucia,LCA,Saint Lucia,Castries,14.01667,-60.98333,13483.504116159176
776,Tonga,TON,Tonga,Nuku'alofa,-21.15,-175.2333,12766.793370564485
548,Vanuatu,VUT,Vanuatu,Port-Vila,-17.75,168.3,11043.057254266207
