Food,import_quantity_tonnes,weighted_import_distance_km,import_food_miles_billion,source_countries,export_quantity_tonnes,weighted_export_distance_km,export_food_miles_billion,destination_countries,india_production_tonnes,avg_annual_imports_tonnes,avg_annual_exports_tonnes,import_dependency_percent,low_import_volume
"Almonds, in shell",2585101.8000000003,11612.49,30.019,77,5028.160000000001,3919.84,0.02,71,10618.0,157578.0,286.0,93.85,False
Apples,4573645.57,7967.04,36.438,79,612723.43,1309.23,0.802,59,2064911.0,182946.0,24509.0,8.23,False
Bananas,34.29,2839.82,0.0,6,3172732.93,2273.46,7.213,111,26208312.0,1.0,126913.0,0.0,True
"Cashew nuts, in shell",18231074.82,8142.11,148.439,92,200833.73,3725.46,0.748,89,663260.0,729244.0,8033.0,52.67,False
"Chick peas, dry",8935068.540000001,8007.02,71.543,78,3476048.72,3595.84,12.499,150,8050980.0,357403.0,139066.0,4.32,False
"Coffee, green",1276565.99,4708.04,6.01,73,5015786.98,5870.2,29.444,133,306395.0,51063.0,200707.0,32.58,False
Grapes,129355.01,7210.19,0.933,34,3311402.16,4175.37,13.826,96,2226949.0,5174.0,132456.0,0.25,False
"Hazelnuts, in shell",89.61,8455.69,0.001,7,79.85,6102.35,0.0,22,,,,,True
Kiwi fruit,437089.35,8163.99,3.568,36,1110.33,1856.3,0.002,26,11294.0,30521.0,71.0,73.12,False
"Lentils, dry",12240796.77,10938.25,133.893,62,1438158.19,2371.78,3.411,133,1119142.0,489632.0,59914.0,31.61,False
Maize (corn),1921520.51,5106.99,9.813,41,45397080.02,2945.04,133.696,127,22653683.0,76861.0,1817531.0,0.37,False
"Mangoes, guavas and mangosteens",9232.26,3147.28,0.029,48,4412381.44,3870.97,17.08,151,19559432.0,371.0,178057.0,0.0,True
Palm oil,158603474.89,4588.87,727.811,82,64077.130000000005,4834.22,0.31,65,,,,,False
Potatoes,24753.35,1349.77,0.033,11,5349947.13,1611.82,8.623,98,40329182.0,990.0,213998.0,0.0,False
Refined sugar,1201196.68,9125.9,10.962,51,53967707.35,3640.96,196.494,169,,,,,False
Rice,623.95,5013.59,0.003,15,4332053.3,1318.74,5.713,122,157982746.0,25.0,173282.0,0.0,True
Soya beans,3476784.4399999995,7291.89,25.352,43,1994657.82,8853.8,17.66,112,10653367.0,139071.0,79786.0,1.3,False
Tea leaves,558772.16,3844.19,2.148,80,5455933.22,4617.99,25.195,182,4889462.0,22351.0,218444.0,0.48,False
Tomatoes,373.88,5368.4,0.002,8,2486887.0500000003,1168.03,2.905,69,14854661.0,15.0,99475.0,0.0,True
Wheat,16318980.11,7413.38,120.979,29,44791467.92,2754.37,123.372,103,88461179.0,652759.0,1799129.0,0.75,False
