Item,import_quantity_tonnes,weighted_import_distance_km,import_food_miles,source_countries,export_quantity_tonnes,weighted_export_distance_km,export_food_miles,destination_countries
"Almonds, in shell",2585101.8,11612.48577753464,30019457885.9792,77,5028.16,3919.8433900187083,19709599.73995647,71
Apples,4573645.57,7967.038848976503,36438411937.63928,79,612723.43,1309.2254072383678,802193082.1662396,59
Bananas,34.29,2839.8218609294304,97377.49161127016,6,3172732.93,2273.4614405735306,7213085977.592879,111
"Cashew nuts, in shell",18231074.82,8142.108524629457,148439389705.07944,92,200833.73,3725.4556704795264,748197158.2520542,89
"Chick peas, dry",8935068.54,8007.0191144343335,71543264588.56087,78,3476048.72,3595.8408133056682,12499317856.414928,150
"Coffee, green",1276565.99,4708.0355426981805,6010118053.51969,73,5015786.98,5870.201807308739,29443681795.071644,133
Grapes,129355.01,7210.187640443463,932673894.3314406,34,3311402.16,4175.374262000491,13826343349.996834,96
"Hazelnuts, in shell",89.61,8455.694312324918,757714.767327436,7,79.85,6102.350801048545,487272.71146372624,22
Kiwi fruit,437089.35,8163.98913889607,3568392706.1271424,36,1110.33,1856.298622782826,2061104.0498344551,26
"Lentils, dry",12240796.77,10938.245176035392,133892836220.2821,62,1438158.19,2371.7787711059163,3410993064.5341086,133
Maize (corn),1921520.51,5106.994542088447,9813194757.081009,41,45397080.02,2945.04131171719,133696276090.23105,127
"Mangoes, guavas and mangosteens",9232.26,3147.2763307621963,29056473.377442595,48,4412381.44,3870.971723759776,17080203788.682446,151
Palm oil,158603474.89000002,4588.871468070817,727810960659.6073,82,64077.130000000005,4834.224635562216,309763240.4221227,65
Potatoes,24753.35,1349.7706181117458,33411344.529836383,11,5349947.13,1611.8231249195155,8623168501.230793,98
Refined sugar,1201196.68,9125.90269784719,10962004022.657087,51,53967707.35,3640.9610498458346,196494320410.82877,169
Rice,623.9499999999999,5013.5899745723655,3128229.464634427,15,4332053.3,1318.736733034149,5712837816.171803,122
Soya beans,3476784.44,7291.889690094467,25352328612.716866,43,1994657.82,8853.795174783947,17660291782.061066,112
Tea leaves,558772.16,3844.18547377899,2148023820.6241097,80,5455933.22,4617.986559605224,25195426280.063652,182
Tomatoes,373.88,5368.404635485929,2007139.1251154793,8,2486887.05,1168.0285378877056,2904755044.9033694,69
Wheat,16318980.110000001,7413.376167206063,120978738220.58379,29,44791467.92,2754.3724745416544,123372386333.16353,103
