Year,Item,import_quantity_tonnes,weighted_import_distance_km,import_food_miles,source_countries,export_quantity_tonnes,weighted_export_distance_km,export_food_miles,destination_countries,import_food_miles_billion,export_food_miles_billion
2000,"Almonds, in shell",24366.0,11244.78933629546,273990536.9681752,13.0,,,,,0.27399053696817516,
2000,Apples,6586.0,10028.182905066822,66045612.61277009,19.0,2847.0,2794.353043307216,7955523.114295644,17.0,0.06604561261277009,0.007955523114295643
2000,Bananas,,,,,8610.0,2846.50288306275,24508389.823170274,21.0,,0.024508389823170273
2000,"Cashew nuts, in shell",248958.0,7984.9534460503255,1987918040.021797,19.0,7485.0,9201.740972461172,68875031.17887187,28.0,1.9879180400217968,0.06887503117887186
2000,"Chick peas, dry",63949.0,10324.969729261404,660271489.2165375,14.0,2570.0,2725.8372387101585,7005401.703485108,11.0,0.6602714892165374,0.007005401703485108
2000,"Coffee, green",790.0,4896.879748315543,3868535.0011692788,8.0,160824.0,6418.007071651646,1032169569.2913042,70.0,0.003868535001169279,1.0321695692913042
2000,Grapes,33.0,3800.674022683775,125422.24274856457,6.0,20141.0,4733.047041287732,95328300.45857622,27.0,0.00012542224274856458,0.09532830045857622
2000,Kiwi fruit,73.0,7014.051304687465,512025.74524218496,6.0,,,,,0.000512025745242185,
2000,"Lentils, dry",21020.0,3572.5717488506093,75095458.16083981,5.0,177287.0,3173.882579574368,562688120.885001,43.0,0.07509545816083982,0.562688120885001
2000,Maize (corn),28923.0,3906.7560885421044,112995106.34890328,3.0,32465.0,1915.2637265362166,62179036.88199827,8.0,0.11299510634890328,0.06217903688199827
2000,"Mangoes, guavas and mangosteens",30.0,4754.807261299347,142644.21783898043,6.0,39275.0,2604.134605968303,102277386.64940509,49.0,0.00014264421783898043,0.1022773866494051
2000,Palm oil,3054923.0,4363.141808382484,13329062262.689241,13.0,220.0,5634.9069951000765,1239679.5389220167,2.0,13.329062262689241,0.0012396795389220166
2000,Potatoes,1192.0,1229.4980301700796,1465561.6519627348,2.0,25360.0,2259.9597193609184,57312578.48299289,16.0,0.0014655616519627347,0.057312578482992885
2000,Refined sugar,2759.0,4029.6982680793867,11117937.521631029,9.0,129632.0,2167.525358781767,280980647.309598,26.0,0.011117937521631028,0.28098064730959804
2000,Rice,,,,,5395.0,4800.159920750435,25896862.772448596,20.0,,0.025896862772448594
2000,Soya beans,132.0,10422.802612629403,1375809.9448670812,3.0,75018.0,4363.5100549058025,327341797.2989235,17.0,0.0013758099448670813,0.3273417972989235
2000,Tea leaves,7159.0,3548.0539652173966,25400518.336991344,14.0,200249.0,4763.52580566214,953891279.0580379,85.0,0.025400518336991345,0.9538912790580378
2000,Tomatoes,,,,,1133.0,2766.650226683336,3134614.7068322194,8.0,,0.0031346147068322195
2000,Wheat,4224.0,10354.14409830728,43735904.671249956,1.0,796979.0,3114.5905351761494,2482263250.1341524,16.0,0.04373590467124996,2.4822632501341526
2001,"Almonds, in shell",21335.0,11562.582587882811,246687699.51247975,10.0,20.0,8229.882437593265,164597.64875186532,2.0,0.24668769951247976,0.00016459764875186532
2001,Apples,16948.0,10322.650114169928,174948274.13495195,17.0,19298.0,1425.2291845714722,27504072.80386027,8.0,0.17494827413495195,0.02750407280386027
2001,Bananas,,,,,8100.0,2664.9242879956187,21585886.732764512,23.0,,0.02158588673276451
2001,"Cashew nuts, in shell",161791.0,7385.5580014096895,1194916814.606075,17.0,7798.0,9524.457233489946,74271717.50675459,32.0,1.1949168146060751,0.0742717175067546
2001,"Chick peas, dry",516583.0,7997.131017549983,4131181932.439023,25.0,1426.0,3267.9146821753297,4660046.3367820205,10.0,4.131181932439023,0.004660046336782021
2001,"Coffee, green",1141.0,3884.807553966472,4432565.419075744,4.0,150386.0,6266.3566639808605,942372313.2694256,69.0,0.004432565419075744,0.9423723132694256
2001,Grapes,244.0,5822.257766957994,1420630.8951377505,6.0,14571.0,4543.951898034384,66209923.10625901,26.0,0.0014206308951377506,0.066209923106259
2001,Kiwi fruit,77.0,9656.238388227908,743530.3558935489,3.0,,,,,0.000743530355893549,
2001,"Lentils, dry",86974.0,8750.606561485927,761075255.078677,6.0,99543.0,2470.507848239509,245921762.73730543,45.0,0.761075255078677,0.24592176273730543
2001,Maize (corn),4252.0,5437.716007301655,23121168.463046636,4.0,113504.0,1880.8009555203134,213478431.65537766,17.0,0.023121168463046637,0.21347843165537767
2001,"Mangoes, guavas and mangosteens",19.0,1486.1471347812524,28236.795560843795,3.0,46232.0,2533.493911678831,117128490.52473572,51.0,2.8236795560843794e-05,0.11712849052473571
2001,Palm oil,2720685.0,4450.2388928670225,12107698202.239916,14.0,25687.0,7868.551801334189,202119490.1208713,8.0,12.107698202239916,0.2021194901208713
2001,Potatoes,183.0,1251.1601107197819,228962.30026172008,2.0,11531.0,1178.2748978387087,13586687.84697815,13.0,0.0002289623002617201,0.013586687846978151
2001,Refined sugar,26578.0,690.4572398710735,18350972.52129339,3.0,1025779.0,3425.4194272438153,3513723314.658734,47.0,0.01835097252129339,3.513723314658734
2001,Rice,,,,,42328.0,4686.580640381857,198373585.34608322,22.0,,0.19837358534608324
2001,Soya beans,57.0,11339.239814279874,646336.6694139529,1.0,5805.0,4651.173564511656,27000062.541990165,9.0,0.0006463366694139528,0.027000062541990166
2001,Tea leaves,10200.0,4480.816904305857,45704332.423919745,24.0,175881.0,4593.146218989546,807847150.1421003,89.0,0.04570433242391975,0.8078471501421003
2001,Tomatoes,,,,,1414.0,1878.7515575155833,2656554.702327035,8.0,,0.002656554702327035
2001,Wheat,1351.0,5903.90641163591,7976177.562120115,2.0,2617381.0,2958.347614996939,7743122838.888303,31.0,0.007976177562120115,7.743122838888302
2002,"Almonds, in shell",19037.0,11519.249927663197,219291960.8729243,12.0,3.0,8866.320975671058,26598.962927013177,2.0,0.2192919608729243,2.6598962927013176e-05
2002,Apples,18158.0,10126.058244440768,183868965.60255545,13.0,15632.0,1349.3878872202727,21093631.4530273,7.0,0.18386896560255545,0.0210936314530273
2002,Bananas,6.0,1670.0002499768268,10020.00149986096,2.0,8615.0,2425.921414147921,20899312.98288434,24.0,1.0020001499860961e-05,0.02089931298288434
2002,"Cashew nuts, in shell",399705.0,7663.081908444611,3062972154.2148533,22.0,7358.0,8595.397592482124,63244935.485483475,31.0,3.062972154214853,0.06324493548548347
2002,"Chick peas, dry",217396.0,6383.74013705036,1387799570.8342001,25.0,2225.0,3365.6272095301224,7488520.541204522,15.0,1.3877995708342001,0.007488520541204522
2002,"Coffee, green",5091.0,5086.6762657838,25896268.869105324,3.0,164305.0,6093.919480488038,1001261440.241587,68.0,0.025896268869105322,1.0012614402415871
2002,Grapes,393.0,10035.63657077,3944005.1723126103,7.0,25569.0,4889.647032225169,125023384.96696535,29.0,0.00394400517231261,0.12502338496696536
2002,Kiwi fruit,145.0,7075.861830384279,1025999.9654057204,5.0,,,,,0.0010259999654057203,
2002,"Lentils, dry",66981.0,7809.035940143069,523057036.3067229,10.0,81862.0,2615.6813356780967,214124905.50128034,41.0,0.5230570363067228,0.21412490550128033
2002,Maize (corn),110.0,13686.878479230916,1505556.6327154008,2.0,78179.0,1798.5127327080388,140605926.93038177,19.0,0.0015055566327154008,0.14060592693038176
2002,"Mangoes, guavas and mangosteens",60.0,10198.290908542334,611897.45451254,2.0,41563.0,2912.604393170281,121056576.39333639,58.0,0.00061189745451254,0.12105657639333639
2002,Palm oil,3047101.0,4508.158841201434,13736815313.183733,23.0,7.0,9003.662682207336,63025.638775451356,4.0,13.736815313183733,6.302563877545136e-05
2002,Potatoes,,,,,30067.0,1559.5960768428363,46892375.242433555,16.0,,0.04689237524243355
2002,Refined sugar,36583.0,14221.043644274103,520248439.63847953,7.0,1450475.0,3231.670922184552,4687457880.8556385,53.0,0.5202484396384796,4.687457880855638
2002,Rice,,,,,11969.0,4036.1083273092777,48308180.569564745,24.0,,0.04830818056956474
2002,Soya beans,1.0,3781.464195320433,3781.464195320433,1.0,1714.0,2028.709387484588,3477207.890148584,10.0,3.7814641953204334e-06,0.0034772078901485837
2002,Tea leaves,23451.0,4851.575316776568,113774292.7537273,32.0,178813.0,4553.917125624899,814299582.9843651,89.0,0.1137742927537273,0.8142995829843651
2002,Tomatoes,,,,,12884.0,1466.925227814069,18899864.635156468,11.0,,0.018899864635156468
2002,Wheat,,,,,3671249.0,3403.4110044116446,12494769246.535246,34.0,,12.494769246535245
2003,"Almonds, in shell",19072.0,11044.517461324695,210641037.02238458,7.0,34.0,6847.965452232071,232830.82537589042,3.0,0.2106410370223846,0.00023283082537589042
2003,Apples,18578.0,9693.972944859273,180094629.3695956,11.0,9032.0,1330.126627186971,12013703.696752723,9.0,0.18009462936959558,0.012013703696752724
2003,Bananas,,,,,10820.0,1876.5766103511548,20304558.923999496,25.0,,0.020304558923999495
2003,"Cashew nuts, in shell",441498.0,7781.365170964397,3435457160.2504396,23.0,1128.0,7037.234837070776,7938000.896215836,24.0,3.4354571602504396,0.007938000896215835
2003,"Chick peas, dry",259069.0,5757.606253900833,1491617294.5918348,22.0,2311.0,3882.342895467282,8972094.431424888,24.0,1.4916172945918347,0.008972094431424887
2003,"Coffee, green",8757.0,4066.3249164532276,35608807.293380916,5.0,167395.0,6111.128514025625,1022972357.6053195,65.0,0.035608807293380916,1.0229723576053196
2003,Grapes,499.0,10310.92494144821,5145151.545782656,8.0,26468.0,4482.592103651853,118645247.79945724,34.0,0.005145151545782657,0.11864524779945723
2003,"Hazelnuts, in shell",62.0,8466.300057072316,524910.6035384836,5.0,24.0,5264.896657577059,126357.51978184942,1.0,0.0005249106035384836,0.0001263575197818494
2003,Kiwi fruit,157.0,8851.162414465376,1389632.499071064,5.0,,,,,0.001389632499071064,
2003,"Lentils, dry",37949.0,6788.29261954127,257608916.61897168,11.0,81025.0,2123.9120183465902,172089971.2865325,45.0,0.2576089166189717,0.1720899712865325
2003,Maize (corn),711.0,15628.836209610337,11112102.54503295,2.0,543273.0,2491.0321395451083,1353310503.5470896,34.0,0.01111210254503295,1.3533105035470896
2003,"Mangoes, guavas and mangosteens",48.0,4652.194363080587,223305.3294278682,2.0,176646.0,3218.384994476243,568514835.7342504,73.0,0.00022330532942786818,0.5685148357342504
2003,Palm oil,4026437.0,4616.859977339373,18589495836.57841,16.0,1519.0,4980.8740310483445,7565947.653162435,5.0,18.58949583657841,0.007565947653162435
2003,Potatoes,2329.0,1234.966136613527,2876236.1321729044,1.0,71740.0,1479.798530871284,106160746.60470591,26.0,0.0028762361321729045,0.10616074660470591
2003,Refined sugar,81.0,7071.542791447891,572794.9661072792,4.0,866556.0,3695.9209256172917,3202722453.619218,71.0,0.0005727949661072792,3.202722453619218
2003,Rice,22.0,4993.546328004081,109858.01921608979,1.0,28897.0,3007.9741749945542,86921429.73481764,26.0,0.00010985801921608978,0.08692142973481765
2003,Soya beans,1.0,3781.464195320433,3781.464195320433,1.0,242274.0,3043.875058844372,737451786.0064614,30.0,3.7814641953204334e-06,0.7374517860064613
2003,Tea leaves,10653.0,5092.833800781507,54253958.4797254,30.0,174067.0,4583.711504616724,797872910.4741192,93.0,0.054253958479725396,0.7978729104741192
2003,Tomatoes,32.0,5916.674095107869,189333.5710434518,1.0,11328.0,1453.8169364508435,16468838.256115155,17.0,0.0001893335710434518,0.016468838256115156
2003,Wheat,457.0,800.4339445742334,365798.31267042464,1.0,4071624.0,2872.7838167182917,11696895534.961798,46.0,0.0003657983126704246,11.696895534961797
2004,"Almonds, in shell",25786.0,11601.357237517064,299152597.726615,8.0,283.0,4803.69205131643,1359444.8505225496,7.0,0.299152597726615,0.0013594448505225495
2004,Apples,19893.0,9915.702578659544,197253071.39727432,11.0,23199.0,1410.232970633548,32715994.68572768,13.0,0.19725307139727433,0.03271599468572768
2004,Bananas,,,,,12556.0,2125.4169704947058,26686735.481531527,20.0,,0.026686735481531526
2004,"Cashew nuts, in shell",468420.0,7954.814523422299,3726194219.0614734,24.0,10.0,3998.577838931734,39985.77838931734,5.0,3.7261942190614734,3.998577838931734e-05
2004,"Chick peas, dry",132519.0,4449.880250056615,589693680.8572526,16.0,12245.0,4939.197467433947,60480472.98872868,32.0,0.5896936808572526,0.06048047298872868
2004,"Coffee, green",20791.0,4609.671396846614,95839678.01183794,15.0,140477.0,6096.244085637732,856382080.4181316,64.0,0.09583967801183794,0.8563820804181316
2004,Grapes,1110.0,11692.738382262878,12978939.604311794,5.0,35524.0,3487.7877633146645,123900172.50399014,20.0,0.012978939604311793,0.12390017250399014
2004,"Hazelnuts, in shell",1.0,4150.142844891839,4150.142844891839,1.0,2.0,800.4339445742334,1600.8678891484667,1.0,4.150142844891839e-06,1.6008678891484668e-06
2004,Kiwi fruit,251.0,6896.9536434599095,1731135.3645084372,3.0,,,,,0.0017311353645084373,
2004,"Lentils, dry",26569.0,3950.542593460161,104961966.165643,5.0,133555.0,2202.0737302412995,294097957.04237676,46.0,0.104961966165643,0.29409795704237673
2004,Maize (corn),1194.0,14916.456350187947,17810248.88212441,3.0,1068678.0,3222.6875550858927,3444015290.9940815,34.0,0.01781024888212441,3.4440152909940815
2004,"Mangoes, guavas and mangosteens",5.0,1719.8790924037585,8599.395462018792,2.0,152829.0,3334.0356832734337,509537339.4389956,66.0,8.599395462018792e-06,0.5095373394389956
2004,Palm oil,3470397.0,4705.49786848775,16329945686.306282,10.0,314.0,3300.858756027448,1036469.6493926188,5.0,16.32994568630628,0.0010364696493926188
2004,Potatoes,4813.0,1234.966136613527,5943892.015520905,1.0,67122.0,1649.7526752898552,110734699.07080567,28.0,0.005943892015520905,0.11073469907080567
2004,Refined sugar,181.0,7185.829800135266,1300635.193824483,9.0,76632.0,3071.8298169941995,235400462.5358995,43.0,0.001300635193824483,0.2354004625358995
2004,Rice,,,,,6089.0,2990.1649322253156,18207114.272319946,28.0,,0.018207114272319948
2004,Soya beans,,,,,2060.0,3328.8734004685093,6857479.2049651295,23.0,,0.00685747920496513
2004,Tea leaves,31061.0,3619.7971740590274,112434520.02344745,26.0,174622.0,4459.109594726802,778658635.6503836,87.0,0.11243452002344745,0.7786586356503836
2004,Tomatoes,6.0,6938.647356933229,41631.884141599374,2.0,7407.0,1420.6367443607921,10522656.365480388,12.0,4.163188414159937e-05,0.010522656365480387
2004,Wheat,222.0,800.4339445742334,177696.3356954798,1.0,1908929.0,2165.1271262895702,4133073960.0608234,43.0,0.0001776963356954798,4.133073960060823
2005,"Almonds, in shell",24167.0,11181.988451214795,270235114.9005079,10.0,264.0,7318.942747165553,1932200.885251706,11.0,0.27023511490050794,0.001932200885251706
2005,Apples,32368.0,10687.73851090086,345940720.120839,9.0,29930.0,1410.8788973747608,42227605.39842659,12.0,0.345940720120839,0.04222760539842659
2005,Bananas,,,,,14359.0,2220.3672017825984,31882252.650396332,25.0,,0.031882252650396334
2005,"Cashew nuts, in shell",542509.0,7924.933124534927,4299347544.458319,23.0,131.0,10475.858239641708,1372337.4293930638,10.0,4.2993475444583185,0.0013723374293930638
2005,"Chick peas, dry",281757.0,3914.6752270202596,1102987147.9395473,15.0,44059.0,4947.6275622047215,217987522.76317784,52.0,1.1029871479395472,0.21798752276317784
2005,"Coffee, green",38171.0,4026.019958665214,153677207.84220988,12.0,157071.0,6018.756472042171,945372097.8201358,63.0,0.15367720784220987,0.9453720978201359
2005,Grapes,1496.0,11755.907662361456,17586837.86289274,7.0,53910.0,4274.96726909759,230463485.4770511,26.0,0.01758683786289274,0.23046348547705112
2005,Kiwi fruit,771.0,8256.175672326806,6365511.443363968,2.0,11.0,800.4339445742334,8804.773390316566,1.0,0.006365511443363969,8.804773390316567e-06
2005,"Lentils, dry",36115.0,6995.41729911584,252639495.75756857,5.0,262733.0,2021.0615072138473,530999552.9748157,65.0,0.25263949575756856,0.5309995529748157
2005,Maize (corn),1632.0,14580.379668728146,23795179.619364336,3.0,419949.0,1885.42344366025,791781689.7416784,31.0,0.023795179619364337,0.7917816897416784
2005,"Mangoes, guavas and mangosteens",100.0,3365.309421344683,336530.9421344683,4.0,219252.0,3367.392463535991,738307532.4151931,75.0,0.0003365309421344683,0.7383075324151931
2005,Palm oil,2449183.0,4821.665322375201,11809140739.250862,11.0,3640.0,4256.835587999009,15494881.540316392,12.0,11.809140739250862,0.015494881540316393
2005,Potatoes,2408.0,1238.1839273887772,2981546.8971521757,2.0,78362.0,1879.096495769874,147249759.60151887,19.0,0.0029815468971521757,0.14724975960151887
2005,Refined sugar,5071.0,1761.9395923182383,8934795.672645787,13.0,215431.0,2431.972790187536,523922330.16289103,40.0,0.008934795672645787,0.523922330162891
2005,Rice,12.0,3050.2928733853737,36603.514480624486,1.0,73199.0,960.0955378861245,70278033.27772643,30.0,3.6603514480624486e-05,0.07027803327772643
2005,Soya beans,2.0,4224.112286182524,8448.224572365049,2.0,5054.0,3626.0460141942162,18326036.55573757,33.0,8.448224572365049e-06,0.01832603655573757
2005,Tea leaves,18668.0,4340.683201029718,81031873.99682276,18.0,159065.0,4835.253126335571,769119538.5405676,86.0,0.08103187399682275,0.7691195385405676
2005,Tomatoes,51.0,5826.838183117131,297168.7473389737,2.0,11741.0,1090.9189656345484,12808479.575515233,11.0,0.0002971687473389737,0.012808479575515234
2005,Wheat,,,,,729373.0,1948.1152519529421,1420902665.6626732,40.0,,1.4209026656626733
2006,"Almonds, in shell",38269.0,11185.191582071613,428046096.65429854,12.0,253.0,4959.228058634091,1254684.698834425,10.0,0.42804609665429855,0.001254684698834425
2006,Apples,48981.0,10788.56020165516,528434467.2372714,8.0,25972.0,1351.5381521854874,35102148.88856148,7.0,0.5284344672372714,0.03510214888856148
2006,Bananas,3.0,4752.271687366133,14256.815062098398,1.0,11394.0,1931.507507994123,22007596.546085037,24.0,1.4256815062098398e-05,0.022007596546085036
2006,"Cashew nuts, in shell",585893.0,8157.586861666495,4779473039.142367,18.0,1655.0,3005.8214878458025,4974634.562384803,7.0,4.779473039142367,0.004974634562384803
2006,"Chick peas, dry",127319.0,8149.967269397447,1037645682.7724136,15.0,61306.0,3883.448133508947,238078671.2728995,53.0,1.0376456827724136,0.2380786712728995
2006,"Coffee, green",19509.0,4509.213176466521,87970239.85968536,14.0,187863.0,6020.185778096247,1130970160.8304954,65.0,0.08797023985968536,1.1309701608304954
2006,Grapes,1975.0,12009.445806275562,23718655.467394236,5.0,85248.0,4169.845128780433,355470957.53827435,31.0,0.023718655467394236,0.35547095753827435
2006,"Hazelnuts, in shell",,,,,1.0,12048.513666060027,12048.513666060027,1.0,,1.2048513666060027e-05
2006,Kiwi fruit,1226.0,8435.042432962073,10341362.022811502,4.0,,,,,0.010341362022811502,
2006,"Lentils, dry",58934.0,9841.426728692315,579994642.8287529,6.0,110158.0,1933.0089908121324,212936404.40988287,44.0,0.5799946428287529,0.21293640440988287
2006,Maize (corn),2000.0,15404.302391896366,30808604.783792734,3.0,633559.0,2603.0551225566833,1649189000.3918898,29.0,0.030808604783792735,1.6491890003918899
2006,"Mangoes, guavas and mangosteens",67.0,3451.65250009903,231260.717506635,3.0,253008.0,3534.329485801288,894213634.5436122,73.0,0.000231260717506635,0.8942136345436122
2006,Palm oil,2766382.0,4705.228190606833,13016458572.387312,11.0,1803.0,2720.9592424392367,4905889.514117944,9.0,13.016458572387313,0.0049058895141179445
2006,Potatoes,47.0,1420.6060378421682,66768.48377858191,1.0,92173.0,1732.9370497188618,159730006.68373665,27.0,6.676848377858191e-05,0.15973000668373666
2006,Refined sugar,845.0,7633.284510191765,6450125.411112041,7.0,1203222.0,1855.2074743976991,2232226447.7597485,59.0,0.006450125411112041,2.2322264477597487
2006,Rice,,,,,23011.0,1583.9579282800826,36448455.88765298,31.0,,0.03644845588765298
2006,Soya beans,336.0,4159.590723693249,1397622.4831609316,3.0,3528.0,2666.92038068397,9408895.103053046,31.0,0.0013976224831609317,0.009408895103053046
2006,Tea leaves,23233.0,4330.764055705829,100616641.30621354,20.0,181258.0,4753.331429115399,861579348.178599,97.0,0.10061664130621355,0.861579348178599
2006,Tomatoes,40.0,5916.674095107869,236666.96380431476,1.0,33593.0,1359.5774747793655,45672286.11026323,10.0,0.00023666696380431475,0.04567228611026323
2006,Wheat,6079555.0,7421.301247394384,45118209105.10276,13.0,46636.0,1763.068672254527,82222470.59926212,28.0,45.11820910510276,0.08222247059926212
2007,"Almonds, in shell",46121.0,11265.717274328823,519586146.40931964,8.0,81.0,4331.412046332569,350844.3757529381,9.0,0.5195861464093197,0.0003508443757529381
2007,Apples,58402.0,10600.827057229113,619109501.7962947,9.0,32620.0,1301.465739639895,42453812.42705338,5.0,0.6191095017962946,0.04245381242705338
2007,Bananas,,,,,16660.0,2076.279311873815,34590813.335817754,25.0,,0.034590813335817754
2007,"Cashew nuts, in shell",591329.0,8224.61370615239,4863452598.245386,23.0,436.0,3178.9184965452355,1386008.4644937227,8.0,4.863452598245386,0.0013860084644937226
2007,"Chick peas, dry",144488.0,6319.42824512536,913081548.2816731,11.0,161774.0,3450.4605056718024,558194797.8445501,59.0,0.9130815482816731,0.5581947978445502
2007,"Coffee, green",26421.0,5816.381631140569,153674619.07636496,19.0,152477.0,5953.491530014729,907770528.0220557,63.0,0.15367461907636495,0.9077705280220557
2007,Grapes,2724.0,12226.600219885187,33305258.99896725,8.0,96724.0,3651.134903792108,353152372.43438786,34.0,0.033305258998967247,0.35315237243438785
2007,"Hazelnuts, in shell",,,,,25.0,7016.233003040481,175405.82507601203,2.0,,0.00017540582507601202
2007,Kiwi fruit,1339.0,9446.158371093958,12648406.05889481,4.0,26.0,800.4339445742334,20811.282558930066,1.0,0.01264840605889481,2.0811282558930065e-05
2007,"Lentils, dry",230434.0,10982.054911316702,2530638841.434353,7.0,50.0,11179.864488775665,558993.2244387832,4.0,2.530638841434353,0.0005589932244387832
2007,Maize (corn),4273.0,15149.483463850085,64733742.84103142,3.0,2727457.0,3570.595265308633,9738645050.532888,42.0,0.06473374284103142,9.738645050532888
2007,"Mangoes, guavas and mangosteens",46.0,1022.7231416427277,47045.264515565475,2.0,237491.0,3718.8109238139136,883184125.1074902,75.0,4.704526451556548e-05,0.8831841251074902
2007,Palm oil,3512343.0,4805.903735247888,16879982343.171772,13.0,804.0,2927.275079395171,2353529.1638337173,9.0,16.879982343171772,0.0023535291638337175
2007,Potatoes,117.0,1175.5429308645635,137538.52291115394,2.0,81625.0,1388.006863088321,113296060.1995842,30.0,0.00013753852291115395,0.1132960601995842
2007,Refined sugar,527.0,10766.393457215512,5673889.351952575,6.0,2261229.0,3139.5886066940493,7099328805.526178,76.0,0.005673889351952575,7.099328805526178
2007,Rice,,,,,54879.0,1698.08305036869,93189099.72118334,35.0,,0.09318909972118335
2007,Soya beans,29.0,9668.081877025503,280374.3744337396,5.0,7460.0,2514.4958821014966,18758139.280477166,33.0,0.00028037437443373956,0.018758139280477166
2007,Tea leaves,19585.0,4155.522081946309,81385899.97491847,19.0,193137.0,4747.729714614197,916962273.8914423,107.0,0.08138589997491846,0.9169622738914422
2007,Tomatoes,33.0,5916.674095107869,195250.2451385597,1.0,134844.0,929.9794987968957,125402155.5357686,13.0,0.00019525024513855968,0.1254021555357686
2007,Wheat,1793209.0,8672.84464311886,15552223069.642529,8.0,237.0,3133.011658232173,742523.763001025,8.0,15.552223069642528,0.0007425237630010249
2008,"Almonds, in shell",51981.0,11183.16889733654,581312302.4524506,7.0,29.0,3126.1727390441843,90659.00943228134,3.0,0.5813123024524506,9.065900943228133e-05
2008,Apples,71183.0,10142.07363479858,721943227.5458673,10.0,43998.0,1383.2119051027607,60858557.40071127,7.0,0.7219432275458674,0.06085855740071127
2008,Bananas,,,,,30399.0,2203.995281220029,66999252.55380766,30.0,,0.06699925255380766
2008,"Cashew nuts, in shell",612817.0,8231.688292633577,5044518524.42683,20.0,665.0,3528.64591325127,2346549.5323120947,8.0,5.04451852442683,0.002346549532312095
2008,"Chick peas, dry",198215.0,8039.6552949983725,1593580274.2981024,13.0,126863.0,3619.365000571385,459163502.0674876,57.0,1.5935802742981025,0.45916350206748757
2008,"Coffee, green",28837.0,4881.183209789706,140758680.22070575,13.0,149625.0,5889.574443084009,881227576.0464448,60.0,0.14075868022070576,0.8812275760464447
2008,Grapes,2949.0,11939.028567300955,35208195.244970515,7.0,118134.0,3391.6137318381284,400664896.59696543,30.0,0.035208195244970514,0.4006648965969654
2008,Kiwi fruit,1889.0,9739.9568935359,18398778.571889315,4.0,79.0,1420.6060378421685,112227.8769895313,1.0,0.018398778571889315,0.0001122278769895313
2008,"Lentils, dry",33210.0,10148.324608748233,337025860.2565288,4.0,109.0,2372.381395797326,258589.57214190855,6.0,0.3370258602565288,0.00025858957214190854
2008,Maize (corn),7280.0,15429.651639822718,112327863.93790938,4.0,3536293.0,3611.890017658355,12772701386.215118,52.0,0.11232786393790938,12.772701386215118
2008,"Mangoes, guavas and mangosteens",60.0,6091.939461228298,365516.3676736979,5.0,269217.0,3505.440596151098,943724200.9740101,71.0,0.0003655163676736979,0.9437242009740101
2008,Palm oil,5547449.0,4751.466917078708,26358520397.681362,10.0,18.0,682.729880538837,12289.137849699067,1.0,26.358520397681364,1.2289137849699067e-05
2008,Potatoes,,,,,196386.0,1227.0461411571362,240974683.47728533,29.0,,0.24097468347728532
2008,Refined sugar,128.0,7331.643187844557,938450.3280441033,7.0,1874622.0,2867.8262227372797,5376090129.320205,72.0,0.0009384503280441033,5.376090129320205
2008,Rice,,,,,11474.0,6269.672674117451,71938224.26282363,23.0,,0.07193822426282363
2008,Soya beans,38.0,3984.727462384683,151419.64357061795,2.0,44835.0,4967.228283209162,222705680.0776828,33.0,0.00015141964357061793,0.2227056800776828
2008,Tea leaves,24880.0,3659.366919955846,91045048.96850145,19.0,203158.0,4712.991016465112,957481828.9230192,100.0,0.09104504896850145,0.9574818289230191
2008,Tomatoes,62.0,5858.513292667745,363227.8241454002,2.0,124501.0,918.1849924619054,114314949.74649969,16.0,0.0003632278241454002,0.11431494974649968
2008,Wheat,20.0,800.4339445742334,16008.678891484667,1.0,1120.0,3033.3604874938337,3397363.7459930936,12.0,1.600867889148467e-05,0.0033973637459930937
2009,"Almonds, in shell",59352.0,11154.665292900863,662051694.464252,11.0,25.0,2714.7789601647146,67869.47400411786,2.0,0.662051694464252,6.786947400411785e-05
2009,Apples,98715.0,9030.908969213155,891486178.8958765,11.0,26739.0,1382.4401071196603,36965066.0242726,6.0,0.8914861788958766,0.036965066024272596
2009,Bananas,,,,,54271.0,2413.1409604667524,130963573.06549111,35.0,,0.1309635730654911
2009,"Cashew nuts, in shell",752460.0,8405.298157121895,6324650651.307941,26.0,540.0,2868.758674745937,1549129.684362806,7.0,6.324650651307941,0.001549129684362806
2009,"Chick peas, dry",337693.0,9706.329470458215,3277759517.867446,18.0,94951.0,3403.4654923191724,323162451.96119773,53.0,3.277759517867446,0.32316245196119775
2009,"Coffee, green",40683.0,4024.907443136725,163745309.50913137,13.0,125469.0,5858.888664994843,735108901.9082379,66.0,0.16374530950913138,0.735108901908238
2009,Grapes,2387.0,11686.22804755753,27895026.349519823,8.0,117249.0,3725.859977785876,436853356.5354161,36.0,0.027895026349519823,0.4368533565354161
2009,Kiwi fruit,1750.0,8861.092472663413,15506911.827160973,5.0,,,,,0.015506911827160973,
2009,"Lentils, dry",288078.0,11481.098054970387,3307451765.479759,7.0,601.0,2808.354047891498,1687820.7827827903,6.0,3.307451765479759,0.0016878207827827902
2009,Maize (corn),19064.0,15513.124151402973,295742198.82234627,3.0,2377537.0,3009.3836855954714,7154921059.6996,51.0,0.29574219882234626,7.1549210596996
2009,"Mangoes, guavas and mangosteens",31.0,2916.9713106501185,90426.11063015368,1.0,279443.0,3621.631971859661,1012039703.1123792,73.0,9.042611063015368e-05,1.0120397031123791
2009,Palm oil,6097496.0,4776.906171075007,29127166270.50517,11.0,15.0,4359.553183296079,65393.297749441175,6.0,29.127166270505167,6.539329774944118e-05
2009,Potatoes,,,,,96635.0,1361.8735181764814,131604647.42898428,25.0,,0.13160464742898428
2009,Refined sugar,508592.0,8287.367342725382,4214888731.5713873,19.0,17396.0,2746.1856965805096,47772646.377714545,36.0,4.214888731571388,0.04777264637771454
2009,Rice,,,,,23910.0,2693.980319550299,64413069.44044765,28.0,,0.06441306944044765
2009,Soya beans,51.0,15050.019576429444,767550.9983979017,2.0,24457.0,6885.113133307527,168389211.9013022,35.0,0.0007675509983979017,0.16838921190130218
2009,Tea leaves,34294.0,3386.4005748095947,116133221.31252024,21.0,203783.0,4674.0089935958395,952483574.741941,96.0,0.11613322131252024,0.952483574741941
2009,Tomatoes,42.0,5916.674095107869,248500.3119945305,1.0,105558.0,991.0561585905994,104613905.98850648,10.0,0.0002485003119945305,0.10461390598850648
2009,Wheat,164383.0,9995.829759270033,1643144483.3180857,4.0,30.0,10290.287122165417,308708.6136649625,3.0,1.6431444833180857,0.0003087086136649625
2010,"Almonds, in shell",49581.0,11631.615947755778,576707150.3056792,20.0,36.0,4105.377968816703,147793.60687740133,5.0,0.5767071503056792,0.00014779360687740132
2010,Apples,93264.0,9618.514237431647,897061111.8398252,16.0,47493.0,1382.4376840868265,65656112.930335656,7.0,0.8970611118398252,0.06565611293033566
2010,Bananas,,,,,60813.0,2524.17227688986,153502488.67450306,36.0,,0.15350248867450306
2010,"Cashew nuts, in shell",447682.0,8479.764105784752,3796237754.4059296,26.0,1639.0,2996.9184502981516,4911949.34003867,7.0,3.7962377544059294,0.0049119493400386705
2010,"Chick peas, dry",56212.0,9390.873992396982,527879808.8606192,14.0,215569.0,3283.565865377154,707835010.0334877,59.0,0.5278798088606191,0.7078350100334877
2010,"Coffee, green",30596.0,4167.769740356157,127517082.97593696,11.0,177907.0,5933.248380499289,1055566419.629487,66.0,0.12751708297593697,1.055566419629487
2010,Grapes,2862.0,12187.326452619984,34880128.307398394,11.0,129124.0,3647.760272321785,471013397.4032782,35.0,0.034880128307398395,0.4710133974032782
2010,"Hazelnuts, in shell",15.0,12048.513666060027,180727.7049909004,1.0,,,,,0.00018072770499090042,
2010,Kiwi fruit,2113.0,9975.986759389782,21079260.022590607,4.0,,,,,0.02107926002259061,
2010,"Lentils, dry",150033.0,11163.286007174838,1674861289.5144625,8.0,323.0,2626.403158936286,848328.2203364205,6.0,1.6748612895144626,0.0008483282203364204
2010,Maize (corn),7049.0,15650.367783604817,110319442.50663036,3.0,2275325.0,2829.8163133914168,6438751803.267325,42.0,0.11031944250663037,6.438751803267325
2010,"Mangoes, guavas and mangosteens",131.0,2121.5948793995194,277928.92920133704,5.0,252936.0,3910.9465029819426,989219164.6782407,72.0,0.00027792892920133706,0.9892191646782407
2010,Palm oil,3982749.0,4821.904033694891,19204433468.294292,16.0,262.0,2963.4483049254914,776423.4558904787,6.0,19.204433468294294,0.0007764234558904787
2010,Potatoes,,,,,173865.0,1586.8788404113038,275902689.58811134,28.0,,0.2759026895881113
2010,Refined sugar,321164.0,8623.298640169005,2769493084.4712386,23.0,906692.0,1337.7960283675486,1212968956.5526295,48.0,2.7694930844712387,1.2129689565526294
2010,Rice,,,,,11078.0,2630.40209030675,29139594.356418177,22.0,,0.029139594356418178
2010,Soya beans,5.0,5842.232014440779,29211.160072203893,1.0,14489.0,8864.138282881975,128432499.58067694,35.0,2.9211160072203893e-05,0.12843249958067696
2010,Tea leaves,17297.0,3771.323666757845,65232585.463910446,25.0,234494.0,4609.059818832242,1080796873.1572478,100.0,0.06523258546391045,1.0807968731572477
2010,Tomatoes,62.0,5916.674095107869,366833.79389668786,1.0,67547.0,1918.0653579635423,129559560.73436339,15.0,0.00036683379389668787,0.1295595607343634
2010,Wheat,185256.0,7742.2255733021875,1434293740.80767,9.0,347.0,2991.79675540125,1038153.4741242337,16.0,1.4342937408076701,0.0010381534741242338
2011,"Almonds, in shell",77875.0,11098.285828758308,864279008.9145532,53.0,17.0,800.4339445742334,13607.377057761967,1.0,0.8642790089145531,1.3607377057761967e-05
2011,Apples,178167.0,8927.138122559936,1590521417.882136,60.0,25728.0,1372.2750678669263,35305892.94608028,4.0,1.590521417882136,0.03530589294608028
2011,Bananas,1.0,2310.704343820168,2310.704343820168,1.0,40906.0,2193.3687020409693,89721940.1256879,33.0,2.310704343820168e-06,0.08972194012568789
2011,"Cashew nuts, in shell",796740.0,8301.562469858192,6614186882.234817,62.0,639.0,2428.7653400974527,1551981.0523222722,4.0,6.614186882234817,0.0015519810523222722
2011,"Chick peas, dry",142732.0,7800.017223106045,1113312058.288372,35.0,177438.0,3994.091503953951,708703608.2785811,70.0,1.113312058288372,0.7087036082785811
2011,"Coffee, green",50973.0,4307.918985776579,219587554.46198955,25.0,230973.0,5959.910801398737,1376578477.5314705,73.0,0.21958755446198955,1.3765784775314704
2011,Grapes,3902.0,11627.298196434787,45369717.56248854,24.0,75355.0,3054.2737688976167,230154799.85527992,33.0,0.04536971756248854,0.23015479985527992
2011,"Hazelnuts, in shell",,,,,1.0,800.4339445742334,800.4339445742334,1.0,,8.004339445742334e-07
2011,Kiwi fruit,3884.0,9062.64531403844,35199314.3997253,17.0,20.0,5264.896657577059,105297.93315154119,1.0,0.035199314399725304,0.00010529793315154119
2011,"Lentils, dry",102366.0,10858.198039936538,1111510300.5561438,29.0,293.0,10249.599654918757,3003132.698891196,14.0,1.1115103005561437,0.0030031326988911957
2011,Maize (corn),12261.0,15794.831706453335,193660431.55282435,2.0,3952001.0,3636.2019893583433,14370273898.146162,50.0,0.19366043155282434,14.370273898146163
2011,"Mangoes, guavas and mangosteens",630.0,3544.331476684653,2232928.8303113314,23.0,226502.0,3792.3120367008264,858966260.9368106,73.0,0.0022329288303113313,0.8589662609368106
2011,Palm oil,5925596.0,4762.464103753944,28220438243.347954,39.0,2302.0,3841.631548883212,8843435.825529154,6.0,28.220438243347953,0.008843435825529154
2011,Potatoes,,,,,211737.0,1794.7942532828558,380024350.80735207,39.0,,0.3800243508073521
2011,Refined sugar,527.0,8198.360635480856,4320536.054898411,12.0,1656058.0,3476.793303611914,5757771364.792939,75.0,0.004320536054898411,5.757771364792939
2011,Rice,,,,,38687.0,1530.8473566425312,59223891.686429605,32.0,,0.05922389168642961
2011,Soya beans,121.0,3781.464195320433,457557.1676337724,1.0,30558.0,8282.383239558994,253093067.03444374,49.0,0.0004575571676337724,0.25309306703444373
2011,Tea leaves,22113.0,4354.7063335417015,96295621.15360764,39.0,322270.0,5023.135169236573,1618805770.9898705,110.0,0.09629562115360764,1.6188057709898704
2011,Tomatoes,2.0,2916.9713106501185,5833.942621300237,1.0,229829.0,1014.7973182372685,233229852.8531532,19.0,5.833942621300237e-06,0.2332298528531532
2011,Wheat,25.0,10354.14409830728,258853.60245768202,1.0,498951.0,2100.4031535798317,1047998253.8818105,32.0,0.000258853602457682,1.0479982538818104
2012,"Almonds, in shell",82129.0,11196.797926249707,919581816.8849621,53.0,1.0,7550.471654711011,7550.471654711011,1.0,0.9195818168849621,7.550471654711011e-06
2012,Apples,186169.0,9408.796704966948,1751626273.7669916,52.0,19477.0,1366.7350770439284,26619899.095584594,3.0,1.7516262737669916,0.026619899095584595
2012,Bananas,,,,,53796.0,2073.7894326546775,111561576.31909102,44.0,,0.11156157631909103
2012,"Cashew nuts, in shell",821647.0,8099.752334097164,6655137206.053932,56.0,3813.0,2968.7037093742033,11319667.243843837,6.0,6.655137206053932,0.011319667243843836
2012,"Chick peas, dry",471957.0,8398.987739400241,3963961056.5241194,47.0,143710.0,3000.8309981236794,431249422.74035394,67.0,3.9639610565241195,0.43124942274035394
2012,"Coffee, green",61112.0,4109.046366497164,251112041.5493747,26.0,216706.0,5886.760371110536,1275696292.9818797,71.0,0.2511120415493747,1.2756962929818798
2012,Grapes,3954.0,12081.234447411156,47769201.00506371,15.0,114291.0,3771.087644342072,431001377.9594998,37.0,0.04776920100506371,0.4310013779594998
2012,"Hazelnuts, in shell",,,,,3.0,5305.211680330259,15915.635040990775,3.0,,1.5915635040990777e-05
2012,Kiwi fruit,5458.0,8498.17620963315,46383045.75217773,19.0,4.0,1773.9312554887047,7095.725021954819,2.0,0.04638304575217773,7.0957250219548184e-06
2012,"Lentils, dry",441264.0,10890.286116406245,4805491212.869885,44.0,781.0,6608.398227800874,5161159.0159124825,17.0,4.805491212869885,0.0051611590159124825
2012,Maize (corn),2426.0,14057.838584635541,34104316.406325825,5.0,4271666.0,3812.6423583866813,16286334732.480202,55.0,0.03410431640632582,16.286334732480203
2012,"Mangoes, guavas and mangosteens",779.0,3417.951114722071,2662583.918368493,27.0,214601.0,3925.278064147134,842368597.8440391,90.0,0.0026625839183684933,0.8423685978440391
2012,Palm oil,7653357.0,4674.583333344383,35776255076.33457,48.0,268.0,2780.089012088606,745063.8552397464,8.0,35.77625507633457,0.0007450638552397464
2012,Potatoes,,,,,114816.0,1380.4592693215634,158498811.4664246,29.0,,0.1584988114664246
2012,Refined sugar,2143.0,2560.055368778801,5486198.655292971,17.0,1673320.0,3873.736456695121,6482000687.71708,76.0,0.005486198655292971,6.48200068771708
2012,Rice,1.0,12048.513666060027,12048.513666060027,1.0,251172.0,2638.3388155847106,662676836.988043,50.0,1.2048513666060027e-05,0.6626768369880429
2012,Soya beans,837.0,11179.337616567693,9357105.585067159,2.0,46252.0,7578.349325293925,350513812.99349463,44.0,0.009357105585067159,0.35051381299349466
2012,Tea leaves,21255.0,3776.165457576552,80262396.80078961,33.0,224971.0,4656.343350100415,1047542219.8154403,104.0,0.08026239680078961,1.0475422198154403
2012,Tomatoes,2.0,6714.340625937352,13428.681251874705,1.0,171827.0,1287.4335486852121,221215844.36993393,18.0,1.3428681251874705e-05,0.22121584436993394
2012,Wheat,1569.0,10291.92335893801,16148027.750173736,2.0,4584369.0,3169.233093829987,14528933949.128283,45.0,0.016148027750173738,14.528933949128282
2013,"Almonds, in shell",98420.0,11516.431108649378,1133447149.7132719,6.0,1636.0,2829.1736325324982,4628528.062823167,6.0,1.1334471497132719,0.0046285280628231675
2013,Apples,194336.0,7736.709926306899,1503521260.2387776,17.0,37163.0,1398.5419415098675,51974014.17233121,7.0,1.5035212602387777,0.051974014172331204
2013,Bananas,,,,,37136.0,2237.0491077776924,83075055.66643238,34.0,,0.08307505566643238
2013,"Cashew nuts, in shell",829927.0,8326.935700049511,6910748764.734991,26.0,4258.0,3001.263677892358,12779380.74046566,9.0,6.910748764734991,0.01277938074046566
2013,"Chick peas, dry",538329.0,9116.757369229435,4907814877.819913,16.0,400177.0,3718.871528428153,1488206851.631793,78.0,4.907814877819913,1.488206851631793
2013,"Coffee, green",62859.0,4554.818431310462,286311331.77374434,18.0,227509.0,5889.801083714607,1339982754.7548265,73.0,0.28631133177374435,1.3399827547548266
2013,Grapes,4076.0,12547.465625751262,51143469.89056214,9.0,148520.0,4199.283157980014,623677534.6231917,36.0,0.05114346989056214,0.6236775346231918
2013,"Hazelnuts, in shell",2.0,4218.907186700092,8437.814373400184,1.0,1.0,5888.53296257147,5888.53296257147,1.0,8.437814373400184e-06,5.888532962571471e-06
2013,Kiwi fruit,5492.0,8072.620605718102,44334832.366603814,5.0,6.0,2747.428566403176,16484.571398419055,1.0,0.044334832366603814,1.6484571398419055e-05
2013,"Lentils, dry",679473.0,11335.679392658018,7702288083.967522,8.0,813.0,9373.536253578544,7620684.974159356,18.0,7.702288083967522,0.0076206849741593564
2013,Maize (corn),11628.0,14576.964188320162,169500939.58178684,8.0,4749581.0,3620.2251560971913,17194552617.121254,56.0,0.16950093958178683,17.194552617121253
2013,"Mangoes, guavas and mangosteens",652.0,2900.9060393162913,1891390.7376342218,2.0,263802.0,4199.632463315945,1107871443.087673,83.0,0.0018913907376342219,1.107871443087673
2013,Palm oil,8389673.0,4641.4055728404,38939875016.50864,11.0,46.0,5618.606769169607,258455.91138180194,7.0,38.93987501650864,0.00025845591138180194
2013,Potatoes,,,,,165243.0,1549.7713982464195,256088875.1604331,29.0,,0.2560888751604331
2013,Refined sugar,19691.0,825.7649858787767,16260138.33693899,13.0,1340349.0,3753.778916875408,5031373817.455036,73.0,0.01626013833693899,5.031373817455036
2013,Rice,2.0,1002.9527124104854,2005.905424820971,1.0,241330.0,3264.8373961853476,787903208.82141,64.0,2.005905424820971e-06,0.78790320882141
2013,Soya beans,750.0,3705.8845418531037,2779413.406389828,2.0,138610.0,8613.450651754903,1193910394.8397472,46.0,0.0027794134063898277,1.1939103948397471
2013,Tea leaves,19732.0,3742.720379120172,73851358.52079923,26.0,254370.0,4249.185144038511,1080865225.089076,103.0,0.07385135852079923,1.080865225089076
2013,Tomatoes,3.0,2916.9713106501185,8750.913931950356,1.0,228364.0,1127.0359134964363,257374429.34970018,12.0,8.750913931950355e-06,0.2573744293497002
2013,Wheat,11644.0,10342.260244450688,120425278.28638382,2.0,6503634.0,3081.590925798184,20041539519.112545,45.0,0.12042527828638382,20.041539519112543
2014,"Almonds, in shell",91810.44,11494.613252600562,1055325500.3510888,6.0,46.39,5590.250792534462,259331.73426567367,13.0,1.0553255003510889,0.00025933173426567367
2014,Apples,204569.61000000002,9544.675385382267,1952550521.1642501,15.0,15774.6,1331.6900343141908,21006877.615292635,8.0,1.9525505211642502,0.021006877615292636
2014,Bananas,4.2,4688.2752194273335,19690.755921594802,1.0,54473.46999999999,2062.5646320846645,112355052.60892498,43.0,1.9690755921594803e-05,0.11235505260892499
2014,"Cashew nuts, in shell",906748.7899999999,8494.358301974695,7702249112.142009,20.0,15714.710000000001,2997.291426754027,47101565.55692577,13.0,7.702249112142009,0.047101565556925774
2014,"Chick peas, dry",381313.85,7555.6311937693235,2881066819.6762767,18.0,209138.42,3309.0608252713832,692051752.6811532,77.0,2.8810668196762768,0.6920517526811532
2014,"Coffee, green",71791.58,4014.7707065009695,288226732.35742086,11.0,195453.53,5844.892486846995,1142404869.0247238,67.0,0.28822673235742086,1.1424048690247237
2014,Grapes,3774.4,12971.460473588002,48959480.41151056,10.0,136738.66,4588.398347758062,627411441.6186515,42.0,0.048959480411510554,0.6274114416186515
2014,"Hazelnuts, in shell",2.0,4218.907186700092,8437.814373400184,1.0,1.9600000000000002,7835.202466452246,15356.996834246404,3.0,8.437814373400184e-06,1.5356996834246403e-05
2014,Kiwi fruit,6575.08,8290.392885370436,54509996.452741444,5.0,0.54,3867.5893302896416,2088.4982383564065,3.0,0.05450999645274145,2.0884982383564066e-06
2014,"Lentils, dry",729758.52,11328.699758029605,8267215168.944042,7.0,6558.35,3153.678236850583,20682925.66464902,20.0,8.267215168944043,0.02068292566464902
2014,Maize (corn),6983.92,15001.734469251895,104770913.3944977,7.0,3571036.5599999996,3562.5228003763964,12721899165.977692,68.0,0.10477091339449769,12.72189916597769
2014,"Mangoes, guavas and mangosteens",1035.51,2632.074866242383,2725539.84474265,5.0,210591.57,3952.3402522457645,832329538.8946316,89.0,0.0027255398447426503,0.8323295388946316
2014,Palm oil,7932540.28,4541.34080980814,36024368899.01089,8.0,159.77,3133.6034041921434,500655.8158877788,10.0,36.02436889901089,0.0005006558158877788
2014,Potatoes,,,,,300116.68999999994,1307.193892547894,392310704.21968955,29.0,,0.39231070421968955
2014,Refined sugar,582.91,6307.746832791618,3676848.706302562,20.0,1503500.6600000001,3960.2127367767193,5954182463.484204,81.0,0.003676848706302562,5.954182463484204
2014,Rice,201.69,12047.69388823557,2429899.380318232,2.0,181609.76000000004,1228.5678806426984,223119917.94722915,46.0,0.002429899380318232,0.22311991794722916
2014,Soya beans,3875.56,4651.802356864339,18028339.14216916,2.0,204365.44,10677.536573787163,2182119460.018106,53.0,0.01802833914216916,2.182119460018106
2014,Tea leaves,23177.35,3905.4885228216585,90518874.41442056,35.0,212599.95000000004,4565.996201680745,970730564.1775165,126.0,0.09051887441442057,0.9707305641775165
2014,Tomatoes,,,,,294943.52,846.9260600606015,249795353.3340052,15.0,,0.2497953533340052
2014,Wheat,18817.38,9886.30575548127,186034372.19707814,3.0,3950910.39,2787.767482975782,11014219513.393166,56.0,0.18603437219707813,11.014219513393165
2015,"Almonds, in shell",87217.43,11475.017078342249,1000821498.7791196,9.0,56.720000000000006,5977.208232900237,339027.25097010145,18.0,1.0008214987791195,0.00033902725097010146
2015,Apples,193692.02,10562.982215864997,2045965362.614967,17.0,18307.380000000005,1326.5913336599067,24286411.65001871,10.0,2.045965362614967,0.02428641165001871
2015,Bananas,,,,,80184.32,2355.971359037533,188911961.36390045,40.0,,0.18891196136390045
2015,"Cashew nuts, in shell",969647.1900000001,8276.688316976879,8025467569.062461,21.0,6583.51,2941.738729679925,19366966.344235085,10.0,8.02546756906246,0.019366966344235084
2015,"Chick peas, dry",688125.3600000001,8113.494910440858,5583101606.105284,24.0,187726.44,3235.135876767406,607320541.0618238,80.0,5.583101606105283,0.6073205410618239
2015,"Coffee, green",65312.11,4306.130480369552,281242467.608249,11.0,209418.47999999998,5828.885307910073,1220676301.2768593,70.0,0.281242467608249,1.2206763012768593
2015,Grapes,5106.700000000001,12907.244126529198,65913423.58094666,11.0,75665.47,4817.58439748857,364524787.7006395,38.0,0.06591342358094666,0.3645247877006395
2015,"Hazelnuts, in shell",,,,,1.45,7372.967142534127,10690.802356674483,4.0,,1.0690802356674483e-05
2015,Kiwi fruit,12388.51,8278.166442105097,102554147.74968341,6.0,4.29,1088.2728476115103,4668.690516253379,3.0,0.10255414774968341,4.6686905162533795e-06
2015,"Lentils, dry",1161801.87,11342.903066489464,13178205993.876194,9.0,3650.94,4332.986106190087,15819472.294533636,23.0,13.178205993876194,0.015819472294533638
2015,Maize (corn),28464.52,15257.07422063265,434285294.2946825,9.0,913830.94,2599.209181700789,2375237769.7702627,61.0,0.4342852942946825,2.375237769770263
2015,"Mangoes, guavas and mangosteens",751.47,2980.5190396512303,2239770.64272671,4.0,173784.61999999997,4136.340003263362,718832275.6579219,94.0,0.0022397706427267103,0.718832275657922
2015,Palm oil,9536216.16,4531.972315354672,43217867630.35784,5.0,125.35,1390.9253108154478,174352.48771071638,4.0,43.217867630357844,0.0001743524877107164
2015,Potatoes,24.36,6413.584835634753,156234.92659606258,1.0,207653.87000000002,1758.4584792132823,365150708.4429527,26.0,0.00015623492659606257,0.36515070844295267
2015,Refined sugar,1688.8600000000001,8158.179605005786,13778023.207710072,19.0,2565390.5599999996,3512.9926245773877,9012198116.440453,90.0,0.013778023207710072,9.012198116440453
2015,Rice,,,,,200208.43,1186.2169833684868,237490639.87954083,40.0,,0.23749063987954083
2015,Soya beans,13358.7,5059.764009788403,67591869.47756034,7.0,211930.87999999998,10971.012332010265,2325096298.0137873,44.0,0.06759186947756034,2.3250962980137873
2015,Tea leaves,20425.08,3609.1960086605177,73718117.21257177,30.0,235123.76,4542.415728107728,1068029865.4758267,129.0,0.07371811721257177,1.0680298654758267
2015,Tomatoes,,,,,186226.23,979.6075210162438,182428615.51850086,14.0,,0.18242861551850087
2015,Wheat,511915.59,9943.789794905622,5090381019.695091,4.0,602899.72,1766.1057924922366,1064784687.7839475,50.0,5.090381019695092,1.0647846877839475
2016,"Almonds, in shell",120238.62,11712.956238484792,1408349694.2358022,6.0,164.27999999999997,6610.045061591936,1085898.202718323,20.0,1.4083496942358023,0.001085898202718323
2016,Apples,246807.61,7653.464296435078,1888933231.223473,24.0,12409.61,1285.0271169390041,15946685.360637436,8.0,1.888933231223473,0.015946685360637435
2016,Bananas,,,,,111791.70999999999,2204.2500447826615,246416881.7738303,48.0,,0.24641688177383028
2016,"Cashew nuts, in shell",726824.21,8345.821524313418,6065945136.210095,22.0,5634.4800000000005,3001.226936342434,16910353.148282718,11.0,6.065945136210096,0.01691035314828272
2016,"Chick peas, dry",873541.9,9542.292728009661,8335592519.981743,24.0,121201.31000000001,3703.603194318046,448881558.8715318,84.0,8.335592519981743,0.4488815588715318
2016,"Coffee, green",71001.54999999999,4300.001417806183,305306765.66643655,13.0,250414.96,5840.839326339088,1462633546.2716296,71.0,0.30530676566643655,1.4626335462716296
2016,Grapes,4558.38,11773.384228959192,53667559.201603,11.0,146986.62999999998,4997.520304507534,734568667.9161361,44.0,0.053667559201603,0.7345686679161362
2016,"Hazelnuts, in shell",,,,,0.64,6151.155031427026,3936.7392201132966,3.0,,3.936739220113297e-06
2016,Kiwi fruit,24480.729999999996,8980.230642240615,219842601.69041905,7.0,15.42,2051.514431068497,31634.35252707622,4.0,0.21984260169041905,3.163435252707622e-05
2016,"Lentils, dry",753565.64,11375.81081190861,8572420154.994831,6.0,20416.03,3221.237865195874,65764888.89297491,42.0,8.57242015499483,0.06576488889297491
2016,Maize (corn),179880.76,5546.230624603058,997660179.8888727,12.0,482847.76000000007,1473.324571890669,711391469.2903686,51.0,0.9976601798888728,0.7113914692903686
2016,"Mangoes, guavas and mangosteens",523.96,2918.376431881497,1529112.5152486293,3.0,193245.02000000005,4297.463512787596,830463422.4779096,87.0,0.0015291125152486294,0.8304634224779096
2016,Palm oil,8252606.090000001,4623.039069592474,38152120380.026794,11.0,118.62,1049.1406190295297,124449.06022928283,11.0,38.152120380026794,0.00012444906022928282
2016,Potatoes,,,,,220223.13000000003,1484.730261014719,326971945.28637844,31.0,,0.32697194528637846
2016,Refined sugar,2234.66,9111.926334685497,20362057.30306829,19.0,2910638.650000001,3343.948688526968,9733026296.443407,92.0,0.020362057303068292,9.733026296443407
2016,Rice,13.99,800.4339445742334,11198.070884593524,1.0,103803.09999999999,1349.7073250543397,140103804.43334812,40.0,1.1198070884593524e-05,0.1401038044333481
2016,Soya beans,63622.969999999994,5549.606440601414,353082444.0821905,7.0,149652.03,10858.410407365756,1624983160.0354123,47.0,0.3530824440821905,1.6249831600354123
2016,Tea leaves,16983.890000000003,4395.658088283398,74655373.44901553,28.0,230439.76,4620.6161992362895,1064773688.0041227,129.0,0.07465537344901553,1.0647736880041228
2016,Tomatoes,,,,,247990.39,947.8163957003146,235049357.61811537,14.0,,0.23504935761811538
2016,Wheat,1910832.5899999999,6686.664270674502,12777096006.793419,8.0,198965.27000000005,1344.2304033182972,267455165.13843396,43.0,12.77709600679342,0.267455165138434
2017,"Almonds, in shell",136111.51,11697.553512609522,1592171671.9070861,9.0,566.52,3239.19436450142,1835068.3913773443,26.0,1.5921716719070862,0.0018350683913773442
2017,Apples,330604.56,7646.664086643869,2528022015.8326983,20.0,7278.35,1018.6362314373057,7413991.015081714,14.0,2.5280220158326983,0.007413991015081714
2017,Bananas,,,,,89833.70999999998,2102.7644378676446,188899130.70971495,44.0,,0.18889913070971495
2017,"Cashew nuts, in shell",701501.8600000001,8123.055127715863,5698338280.975216,25.0,8896.92,3375.7450437577136,30033733.59470888,14.0,5.698338280975216,0.03003373359470888
2017,"Chick peas, dry",1552898.4400000002,10048.228935803067,15603879039.171444,25.0,86988.45,4391.066765199836,381972091.75124764,81.0,15.603879039171444,0.38197209175124763
2017,"Coffee, green",76026.15,4726.141497648657,359310342.4214614,21.0,262769.55,6085.871400780809,1599181689.3410428,75.0,0.3593103424214614,1.5991816893410427
2017,Grapes,5422.9800000000005,9697.032261674942,52586812.01441798,11.0,185172.41,4771.685198825931,883584448.0279269,51.0,0.052586812014417984,0.8835844480279269
2017,"Hazelnuts, in shell",,,,,1.04,7944.067526125898,8261.830227170934,2.0,,8.261830227170935e-06
2017,Kiwi fruit,27112.24,8055.995501870593,218416083.485636,8.0,0.35000000000000003,3184.276180895612,1114.4966633134643,3.0,0.218416083485636,1.1144966633134644e-06
2017,"Lentils, dry",1122853.47,11123.147187882487,12489664417.234592,7.0,9476.87,4350.096831413516,41225302.15871781,45.0,12.489664417234593,0.04122530215871781
2017,Maize (corn),82019.96,7664.198721991539,628617272.6097972,15.0,573306.2999999999,1626.1567160009513,932285890.0706561,62.0,0.6286172726097973,0.9322858900706561
2017,"Mangoes, guavas and mangosteens",483.24,2966.5478034493012,1433554.5605388402,4.0,172440.15,4139.676054255559,713846359.7472367,91.0,0.0014335545605388402,0.7138463597472368
2017,Palm oil,9184474.63,4713.073248592491,43287101681.02942,9.0,175.92000000000002,1083.859369517351,190672.54028549243,13.0,43.28710168102942,0.00019067254028549245
2017,Potatoes,458.0,5780.147011489692,2647307.331262279,1.0,339480.93,1695.932936084946,575736890.359748,35.0,0.0026473073312622787,0.575736890359748
2017,Refined sugar,5275.76,2580.805632801821,13615711.125310536,15.0,1856047.48,3529.700742761738,6551292168.757052,91.0,0.013615711125310537,6.551292168757052
2017,Rice,4.9,5916.674095107869,28991.70306602856,1.0,167297.39,1039.473180315929,173901150.04185432,41.0,2.899170306602856e-05,0.17390115004185433
2017,Soya beans,76253.49,6855.633680534654,522765994.30231243,10.0,292482.74,10596.49709866574,3099292505.819806,49.0,0.5227659943023124,3.099292505819806
2017,Tea leaves,18265.219999999998,4413.734065438713,80617823.72673248,35.0,261361.7,4588.972131750034,1199381557.606813,134.0,0.08061782372673247,1.199381557606813
2017,Tomatoes,1.69,6357.460004804903,10744.107408120286,1.0,32576.110000000004,1968.6052483650499,64129501.11731719,20.0,1.0744107408120286e-05,0.06412950111731719
2017,Wheat,5346726.880000001,6825.319033704131,36493116742.081505,7.0,201956.15999999997,1158.5410427707036,233974500.20036703,45.0,36.493116742081504,0.23397450020036703
2018,"Almonds, in shell",149055.63,11611.23285578727,1730719628.3960707,9.0,389.9,3594.6929875995475,1401570.7958650636,37.0,1.7307196283960706,0.0014015707958650635
2018,Apples,280093.72,11762.643238387864,3294642501.672903,24.0,12893.640000000003,946.560315879738,12204607.951239629,32.0,3.294642501672903,0.012204607951239628
2018,Bananas,,,,,116106.94000000002,2018.4974988612767,234361567.99043635,53.0,,0.23436156799043634
2018,"Cashew nuts, in shell",870919.1100000001,7704.192800514928,6709728737.09287,32.0,12690.460000000003,3018.5792706885236,38307159.49150189,16.0,6.7097287370928695,0.03830715949150189
2018,"Chick peas, dry",199771.47000000003,7238.530115474907,1446051801.807692,21.0,256913.26000000004,4138.848409793873,1063325037.60596,111.0,1.446051801807692,1.06332503760596
2018,"Coffee, green",83842.61,3888.8446531317936,326050885.60311425,25.0,229986.48000000004,5751.666645466333,1322805565.92421,72.0,0.32605088560311424,1.3228055659242102
2018,Grapes,6436.310000000001,7631.514790938667,49118794.96406646,12.0,171718.84000000003,4966.36893465331,852819112.4707024,62.0,0.04911879496406646,0.8528191124707024
2018,"Hazelnuts, in shell",,,,,7.19,6698.750745762098,48164.01786202948,3.0,,4.8164017862029484e-05
2018,Kiwi fruit,40286.69,8728.53509917894,351643787.69474125,12.0,3.719999999999999,1883.739509033823,7007.510973605819,15.0,0.35164378769474125,7.007510973605819e-06
2018,"Lentils, dry",217072.16,10614.175457970274,2304041993.2805967,9.0,15483.349999999997,2968.945712314006,45969225.59475706,75.0,2.3040419932805967,0.04596922559475706
2018,Maize (corn),29237.999999999996,12134.000085346019,354773894.49534684,18.0,1015057.2300000001,1898.4420207307296,1927027298.8785372,62.0,0.35477389449534685,1.927027298878537
2018,"Mangoes, guavas and mangosteens",644.9499999999999,3244.1554422226845,2092318.05246152,10.0,153283.39999999997,4237.704372785339,649569734.455404,101.0,0.00209231805246152,0.649569734455404
2018,Palm oil,8805269.72,4608.176115993082,40576233618.58109,20.0,109.99000000000001,1046.4998494194563,115104.518437646,10.0,40.57623361858109,0.00011510451843764599
2018,Potatoes,393.73,2164.3554293164248,852171.663184756,4.0,336713.97000000003,1410.2554944233525,474852726.2415999,40.0,0.0008521716631847559,0.4748527262415999
2018,Refined sugar,12079.769999999999,1740.5872354991234,21025893.469765242,17.0,2412431.23,3759.3790034447393,9069243313.316366,116.0,0.02102589346976524,9.069243313316367
2018,Rice,63.43,1943.0983188007795,123250.72636153344,6.0,242593.86,1128.9779564674466,273883120.31434983,44.0,0.00012325072636153344,0.2738831203143498
2018,Soya beans,160833.36999999997,6207.571156616614,998384588.6334475,17.0,209846.39,10983.59456882053,2304867669.490595,34.0,0.9983845886334475,2.3048676694905947
2018,Tea leaves,12122.2,5254.094193460863,63691180.63197128,30.0,262421.85000000003,4409.132562100984,1157052723.8417802,142.0,0.06369118063197128,1.1570527238417803
2018,Tomatoes,,,,,67140.54999999999,2065.1033145262813,138652172.3441175,40.0,,0.1386521723441175
2018,Wheat,85342.98000000001,6447.899838979233,550282987.000008,6.0,168314.9,1258.082149664222,211753971.21251857,52.0,0.550282987000008,0.21175397121251857
2019,"Almonds, in shell",161652.40000000002,11470.436231602716,1854223545.8855352,9.0,113.1,5717.992435882766,646704.9444983407,29.0,1.8542235458855352,0.0006467049444983408
2019,Apples,242712.72000000003,9666.962811417876,2346294838.09808,27.0,19431.129999999994,1219.2730808236922,23691853.73898566,22.0,2.34629483809808,0.02369185373898566
2019,Bananas,,,,,173803.87,1956.6027852590794,340065136.1308069,46.0,,0.3400651361308069
2019,"Cashew nuts, in shell",850202.0700000002,7766.95003632046,6603476998.466231,30.0,16221.67,3004.499235269019,48737995.10978639,13.0,6.603476998466231,0.048737995109786394
2019,"Chick peas, dry",371787.43000000005,5183.38259254035,1927116492.787314,24.0,123493.19999999998,4765.892614431361,588555329.8124949,101.0,1.927116492787314,0.5885553298124949
2019,"Coffee, green",83623.51999999999,4489.577412371582,375434266.5350032,27.0,232663.81999999998,5760.327595973099,1340219822.9305177,77.0,0.37543426653500317,1.3402198229305178
2019,Grapes,8158.67,6180.928600837305,50428156.747793294,12.0,215216.18,4992.885348857061,1074549711.9589841,49.0,0.050428156747793294,1.0745497119589842
2019,"Hazelnuts, in shell",0.47,2542.2091304770397,1194.8382913242085,1.0,0.1,5353.215121690021,535.3215121690022,2.0,1.1948382913242085e-06,5.353215121690022e-07
2019,Kiwi fruit,43205.329999999994,6603.514762695572,285307034.48213387,9.0,41.4,1614.3732728955988,66835.05349787779,9.0,0.28530703448213385,6.683505349787779e-05
2019,"Lentils, dry",822349.5099999998,11064.894067601428,9099210214.69394,12.0,17338.15,2781.207347951184,48220990.17987983,75.0,9.099210214693938,0.04822099017987983
2019,Maize (corn),312389.89,4955.512140712177,1548051892.5307415,19.0,379469.93,1129.1548173006547,428480299.48024225,61.0,1.5480518925307414,0.42848029948024224
2019,"Mangoes, guavas and mangosteens",910.9399999999999,3284.3707019292474,2991864.6472154283,11.0,147241.61000000002,3982.956454874992,586456920.9756862,95.0,0.0029918646472154283,0.5864569209756862
2019,Palm oil,9732471.799999999,4348.378801480314,42320474061.12495,15.0,200.07999999999998,2523.3304685241787,504867.96014231764,17.0,42.32047406112495,0.0005048679601423176
2019,Potatoes,10.0,1420.6060378421685,14206.060378421684,1.0,417401.91000000003,1497.361405908095,625001510.7863243,40.0,1.4206060378421683e-05,0.6250015107863243
2019,Refined sugar,1985.9800000000002,4549.914373486354,9036038.94745643,21.0,3799274.32,3924.009043995255,14908386792.298922,119.0,0.00903603894745643,14.908386792298922
2019,Rice,41.04,3604.23567144211,147917.83195598418,6.0,247390.29,944.7376111842664,233718911.6047829,48.0,0.00014791783195598418,0.23371891160478292
2019,Soya beans,228739.57,5909.5699149407665,1351752481.2284875,16.0,103728.06,10411.847969952441,1080000790.938105,40.0,1.3517524812284876,1.080000790938105
2019,Tea leaves,20891.14,3693.2144678244754,77155460.49734661,44.0,258047.28999999995,4455.057455696036,1149615503.2366571,145.0,0.0771554604973466,1.149615503236657
2019,Tomatoes,,,,,79591.0,1607.1277888126422,127912907.839387,23.0,,0.127912907839387
2019,Wheat,1665.8600000000001,10076.2108677996,16785556.636232644,5.0,190058.05,1142.4786057946114,217137255.98404256,54.0,0.016785556636232643,0.21713725598404254
2020,"Almonds, in shell",218120.4,11722.737260630336,2556968140.383593,13.0,93.05000000000001,4210.457123477202,391783.0353395537,29.0,2.556968140383593,0.0003917830353395537
2020,Apples,215537.91,8133.291739899496,1753032703.038201,27.0,30346.15,1193.8396792035664,36228437.98106331,20.0,1.7530327030382011,0.03622843798106331
2020,Bananas,20.02,2542.2091304770397,50895.02679215033,1.0,212015.51000000004,2243.8326780625234,475727329.59409183,45.0,5.089502679215033e-05,0.4757273295940918
2020,"Cashew nuts, in shell",874081.5599999999,7748.2761760660605,6772625327.286656,28.0,15318.22,3003.5741882972566,46009410.2026588,19.0,6.772625327286656,0.0460094102026588
2020,"Chick peas, dry",305839.17000000004,5351.510842444125,1636701634.299112,19.0,174206.44999999998,3957.1826075668396,689366734.0659622,111.0,1.636701634299112,0.6893667340659622
2020,"Coffee, green",77584.47,5486.476270272004,425665353.59663016,27.0,205809.18999999997,5736.577630971512,1180640395.6023657,75.0,0.42566535359663016,1.1806403956023657
2020,Grapes,6554.82,4577.005269032062,30001445.67755674,10.0,180644.05000000002,4368.505687890523,789144559.9085802,49.0,0.030001445677556738,0.7891445599085802
2020,"Hazelnuts, in shell",3.0,4218.907186700092,12656.721560100275,1.0,0.47,9103.407467945377,4278.601509934327,3.0,1.2656721560100275e-05,4.278601509934327e-06
2020,Kiwi fruit,46912.86,7083.62231207297,332312981.8191556,10.0,63.36,943.3607126094113,59771.3347509323,6.0,0.3323129818191556,5.97713347509323e-05
2020,"Lentils, dry",1061305.4200000002,10868.454448043434,11534749612.731607,9.0,18117.639999999996,2908.3160068403554,52691822.418171085,79.0,11.534749612731607,0.05269182241817109
2020,Maize (corn),231798.28000000003,3750.4490556268706,869347640.321933,15.0,1766875.8499999999,1321.8684480940003,2335577437.8142676,69.0,0.869347640321933,2.3355774378142677
2020,"Mangoes, guavas and mangosteens",655.9,2720.2662618429745,1784222.641142807,5.0,128000.27999999998,4061.1627640090383,519829970.91873074,93.0,0.001784222641142807,0.5198299709187307
2020,Palm oil,7203187.730000001,4550.280523664889,32776524836.12091,15.0,1398.72,4949.392855064697,6922814.774236093,20.0,32.77652483612091,0.006922814774236093
2020,Potatoes,79.6,1234.966136613527,98303.30447443674,1.0,296409.42,1679.2855322831963,497756050.6384535,42.0,9.830330447443674e-05,0.49775605063845346
2020,Refined sugar,2589.7,7486.663956709358,19388213.648690224,19.0,5386663.28,3555.345903757432,19151451227.468575,108.0,0.019388213648690224,19.151451227468574
2020,Rice,0.30000000000000004,5560.443905500892,1668.1331716502677,4.0,414411.8,956.9171991630218,396557778.95610636,54.0,1.6681331716502677e-06,0.3965577789561064
2020,Soya beans,505223.19999999995,7381.219425791903,3729163298.2007475,23.0,72020.53,10054.327759645716,724118014.0433971,39.0,3.7291632982007474,0.724118014043397
2020,Tea leaves,33183.73,3561.047018647619,118168822.78410757,35.0,210475.31000000003,4767.460409332012,1003432707.5668823,141.0,0.11816882278410756,1.0034327075668823
2020,Tomatoes,,,,,95558.79000000001,1542.518018486122,147401155.39973146,17.0,,0.14740115539973145
2020,Wheat,221.6,10199.309050677417,2260166.8856301154,5.0,928683.7900000002,1440.9034017069237,1338143632.1210785,61.0,0.0022601668856301153,1.3381436321210785
2021,"Almonds, in shell",220392.49,11695.338773738516,2577564833.737778,11.0,393.36,2827.081239713552,1112060.6764537229,32.0,2.577564833737778,0.001112060676453723
2021,Apples,436194.04000000004,6977.86225558935,3043701927.8290315,32.0,29050.180000000004,1190.991810127934,34598526.462742314,19.0,3.0437019278290314,0.034598526462742314
2021,Bananas,,,,,340731.11,2062.280547016093,702683139.9162005,41.0,,0.7026831399162006
2021,"Cashew nuts, in shell",874263.94,8073.499096124164,7058369129.36395,28.0,26268.460000000003,3003.5013845996955,78897355.98130172,32.0,7.05836912936395,0.07889735598130172
2021,"Chick peas, dry",238620.24000000002,5493.470667748854,1310853289.171192,20.0,94033.17,3614.3809678340012,339871699.99309915,108.0,1.310853289171192,0.33987169999309913
2021,"Coffee, green",80453.43999999999,5491.211675667052,441786869.0755786,25.0,263401.3,5662.302837352387,1491457928.352307,78.0,0.44178686907557857,1.491457928352307
2021,Grapes,8343.889999999998,4512.757424044915,37653951.542914115,12.0,268233.24000000005,3978.790015260311,1067243737.0729228,54.0,0.037653951542914114,1.0672437370729229
2021,"Hazelnuts, in shell",4.0,4218.907186700092,16875.62874680037,1.0,0.11,2230.954667124855,245.40501338373403,4.0,1.687562874680037e-05,2.45405013383734e-07
2021,Kiwi fruit,67256.98999999999,6309.270235707689,424342525.1502896,6.0,116.80999999999997,1501.0105157665664,175333.03834669257,7.0,0.4243425251502896,0.00017533303834669256
2021,"Lentils, dry",724536.72,11050.496929208499,8006490799.458797,10.0,9496.96,3854.7453651676915,36608362.543182954,79.0,8.006490799458797,0.036608362543182955
2021,Maize (corn),24382.23,10218.388684654274,249147103.13863796,14.0,3615752.1399999997,2132.8782144215616,7711958968.154139,64.0,0.24914710313863797,7.711958968154138
2021,"Mangoes, guavas and mangosteens",202.73999999999998,2440.2675149812267,494739.83598729386,9.0,170212.37999999998,4254.776914037446,724215704.9073689,98.0,0.0004947398359872938,0.7242157049073689
2021,Palm oil,8174707.050000001,4388.833726358157,35877430004.1378,18.0,13956.410000000002,1608.5107635985269,22449035.706194118,19.0,35.8774300041378,0.022449035706194116
2021,Potatoes,2932.95,1234.966136613527,3622093.930380644,1.0,350036.17999999993,1663.805291864921,582392048.6281819,29.0,0.003622093930380644,0.582392048628182
2021,Refined sugar,10576.150000000001,4455.012569483847,47116881.1867466,16.0,5703862.31,3444.3086531542126,19645862310.733173,119.0,0.0471168811867466,19.645862310733172
2021,Rice,228.32000000000002,807.7217653260238,184419.03345923778,5.0,691012.9200000002,924.6930103849703,638974817.2097088,48.0,0.00018441903345923778,0.6389748172097088
2021,Soya beans,614922.75,6841.255241545966,4206843486.5833597,23.0,24477.930000000004,8264.004938058602,202285734.39345282,52.0,4.2068434865833595,0.20228573439345282
2021,Tea leaves,31153.940000000002,3877.460229235937,120798163.33400263,30.0,197231.11,4825.635233664003,951765393.5906606,140.0,0.12079816333400263,0.9517653935906606
2021,Tomatoes,,,,,86965.55999999998,1323.3602484983985,115086765.09240235,14.0,,0.11508676509240236
2021,Wheat,56.66,10416.119692592907,590177.3417823141,4.0,6090607.369999999,2108.203313309914,12840238637.50378,68.0,0.0005901773417823141,12.84023863750378
2022,"Almonds, in shell",233745.98,11848.693380667837,2769584445.983717,7.0,316.67,3049.749324833794,965764.1186951176,31.0,2.769584445983717,0.0009657641186951177
2022,Apples,392482.89,6266.216613875874,2459382805.980017,25.0,52892.13,1193.4123286268127,63122120.0293321,17.0,2.459382805980017,0.0631221200293321
2022,Bananas,,,,,362364.09,2248.494896853446,814773807.1679428,41.0,,0.8147738071679428
2022,"Cashew nuts, in shell",1374930.05,8236.580718543917,11324722339.176624,35.0,6693.7300000000005,3008.581105580337,20138629.60385627,39.0,11.324722339176624,0.02013862960385627
2022,"Chick peas, dry",82821.89,5748.80135304824,476126593.29401255,9.0,235081.07999999996,3071.12391190355,721963126.0241113,108.0,0.4761265932940125,0.7219631260241113
2022,"Coffee, green",102195.74,4835.413596128236,494158670.6623863,22.0,270299.66000000003,5449.485899379728,1472994185.777135,74.0,0.4941586706623863,1.472994185777135
2022,Grapes,11216.860000000002,4152.393543198809,46576817.038965,11.0,275504.26000000007,3724.8155373379277,1026202548.2507885,54.0,0.046576817038965004,1.0262025482507884
2022,"Hazelnuts, in shell",0.14,2310.704343820168,323.49860813482354,1.0,1.01,1325.1060731519333,1338.3571338834527,4.0,3.2349860813482354e-07,1.3383571338834526e-06
2022,Kiwi fruit,45935.79,10091.707631592046,463570562.5062096,10.0,134.0,1164.6458337141687,156062.5417176986,8.0,0.4635705625062096,0.00015606254171769858
2022,"Lentils, dry",646755.9299999999,10884.92596940174,7039890418.321573,7.0,64891.47000000001,1853.950021876265,120305542.22608301,78.0,7.039890418321574,0.12030554222608301
2022,Maize (corn),17359.110000000004,9548.03884678183,165745456.62555897,15.0,3486496.4,1962.5689094410488,6842489437.518143,68.0,0.16574545662555898,6.842489437518143
2022,"Mangoes, guavas and mangosteens",404.86,3760.0093975271575,1522277.404682845,8.0,171731.47,4799.573159201649,824237754.0022432,103.0,0.001522277404682845,0.8242377540022432
2022,Palm oil,9169393.1,4484.423094395563,41119438179.231316,19.0,3326.52,2881.4384753834634,9585162.717132598,17.0,41.11943817923132,0.009585162717132598
2022,Potatoes,4925.92,1239.089587389812,6103656.1803152235,3.0,441905.7299999999,1724.9336638667764,762258069.9326223,28.0,0.0061036561803152235,0.7622580699326224
2022,Refined sugar,4152.740000000001,6109.215637993227,25369984.148519997,19.0,5793079.11,4130.182554528917,23926474277.127907,111.0,0.025369984148519997,23.926474277127905
2022,Rice,1.4200000000000002,5188.942589170056,7368.2984766214795,4.0,460635.15,894.8952468122675,412220206.2496559,32.0,7.368298476621479e-06,0.4122202062496559
2022,Soya beans,489574.9199999999,7613.654743827235,3727454412.1168385,19.0,54393.259999999995,9087.545933085396,494301248.70025647,42.0,3.7274544121168383,0.4943012487002565
2022,Tea leaves,31008.21,2903.620211303096,90036065.27233076,29.0,231393.22999999998,4446.331035843715,1028850900.0331228,142.0,0.09003606527233077,1.0288509000331227
2022,Tomatoes,,,,,79139.22,1286.3714624306706,101802434.16702257,12.0,,0.10180243416702257
2022,Wheat,49.56,3829.101997493205,189770.29499576325,3.0,6798598.290000001,2988.526085583196,20317788335.066315,64.0,0.00018977029499576324,20.317788335066314
2023,"Almonds, in shell",259744.08,11826.830818014614,3071949290.1408534,4.0,117.12,5714.025685683825,669226.6883072896,22.0,3.0719492901408536,0.0006692266883072896
2023,Apples,469550.5,5316.174611568624,2496212446.949353,25.0,22337.96,1139.8983547153282,25463003.85169681,15.0,2.4962124469493534,0.02546300385169681
2023,Bananas,0.07,2916.9713106501185,204.18799174550833,1.0,499131.24000000005,2354.474266831187,1175191660.3515413,43.0,2.0418799174550831e-07,1.1751916603515413
2023,"Cashew nuts, in shell",1181684.83,8450.704083919396,9986068818.786598,20.0,20788.07,2996.665797421644,62294898.363406956,36.0,9.986068818786599,0.06229489836340696
2023,"Chick peas, dry",223814.11,5629.688316399668,1260003680.11239,10.0,293352.4199999999,2963.3466153876034,869304900.9227625,107.0,1.26000368011239,0.8693049009227625
2023,"Coffee, green",90539.77,4818.521536312543,436267831.6377843,21.0,232176.62,5508.967675198272,1279053494.5167928,75.0,0.4362678316377843,1.2790534945167928
2023,Grapes,19322.210000000003,4003.638068923831,77359135.53174074,10.0,284269.16000000003,3807.226904358804,1082277194.0314777,50.0,0.07735913553174074,1.0822771940314777
2023,"Hazelnuts, in shell",,,,,4.5,4617.096312283293,20776.933405274816,6.0,,2.0776933405274817e-05
2023,Kiwi fruit,49167.06999999999,10397.98859323321,511238633.0226987,6.0,527.95,2228.584301192621,1176581.0818146442,5.0,0.5112386330226987,0.0011765810818146441
2023,"Lentils, dry",1681137.3499999999,10687.51306997536,17967177400.54874,7.0,155090.77999999997,2022.2276101507962,313628857.3958228,85.0,17.967177400548742,0.3136288573958228
2023,Maize (corn),10801.240000000002,8885.474230272446,95974139.67498797,13.0,2311641.02,2324.4158177014383,5373214951.735487,73.0,0.09597413967498797,5.373214951735487
2023,"Mangoes, guavas and mangosteens",358.46,4362.814170261359,1563894.3674718868,7.0,111759.40000000001,4456.353697004975,498039415.3650579,88.0,0.0015638943674718868,0.49803941536505786
2023,Palm oil,9348472.780000001,4537.287960233788,42416712991.267296,14.0,2672.16,3265.691889423786,8726451.239242664,20.0,42.416712991267296,0.008726451239242664
2023,Potatoes,3199.23,1234.966136613527,3950940.713238094,1.0,516993.44999999995,1745.5768807123884,902451813.799736,34.0,0.003950940713238094,0.902451813799736
2023,Refined sugar,60058.98,14104.218210795072,847084959.437777,18.0,4587523.25,4734.311706617696,21718765026.855858,113.0,0.8470849594377771,21.71876502685586
2023,Rice,31.270000000000003,958.6698624254534,29977.60659804393,6.0,444995.6400000001,912.9726410753608,406268844.7178205,19.0,2.9977606598043932e-05,0.40626884471782054
2023,Soya beans,724938.6299999999,7712.051293991853,5590763899.55618,15.0,22477.36,6550.729198658521,147243098.4607591,40.0,5.59076389955618,0.14724309846075911
2023,Tea leaves,24217.739999999998,2845.3522229991627,68908000.34501573,29.0,226767.98,4479.879129865024,1015893140.9236492,144.0,0.06890800034501574,1.0158931409236491
2023,Tomatoes,37.19,800.4339445742334,29768.138398715735,1.0,96801.85,1434.9031089350717,138901275.51566648,14.0,2.9768138398715736e-05,0.13890127551566647
2023,Wheat,85007.61,9719.689037230857,826247534.9981961,7.0,157566.49,810.3614813692493,127685814.250553,9.0,0.8262475349981961,0.127685814250553
2024,"Almonds, in shell",269521.82,11860.892462720383,3196769323.37668,5.0,89.05,8152.2027198215665,725953.6522001105,24.0,3.19676932337668,0.0007259536522001105
2024,Apples,519651.99,5730.409828306973,2977818870.795277,23.0,32874.299999999996,1210.2016308523253,39784531.473128594,10.0,2.9778188707952773,0.0397845314731286
2024,Bananas,,,,,763861.96,2481.3526217535787,1895410877.103827,44.0,,1.895410877103827
2024,"Cashew nuts, in shell",1198895.2100000002,8171.845897483881,9797186903.351578,21.0,28468.5,2944.931484274116,83837781.96005768,37.0,9.797186903351578,0.08383778196005767
2024,"Chick peas, dry",528316.6799999999,8298.403850439394,4384185171.563356,14.0,247290.51999999996,3540.437817954478,875516709.029628,112.0,4.384185171563356,0.8755167090296281
2024,"Coffee, green",78464.04999999999,6712.219755313587,526667946.49191296,29.0,254406.38999999998,5613.785981174679,1428183025.703258,73.0,0.526667946491913,1.428183025703258
2024,Grapes,21855.790000000005,3656.5906549420192,79917677.47037525,10.0,310425.25999999995,4066.865994672701,1262457933.7814317,50.0,0.07991767747037526,1.2624579337814317
2024,"Hazelnuts, in shell",,,,,4.38,8143.921924118693,35670.378027639876,4.0,,3.5670378027639874e-05
2024,Kiwi fruit,49143.060000000005,7915.555231564633,388994605.6780947,7.0,56.49,1934.5952961110218,109285.28827731163,5.0,0.3889946056780947,0.00010928528827731163
2024,"Lentils, dry",1060260.18,10761.575447642828,11410069921.201365,8.0,168504.65,2362.417249847283,398078291.83947897,88.0,11.410069921201364,0.39807829183947896
2024,Maize (corn),895399.6,3532.8182715093003,3163284067.182119,17.0,501298.89,1448.183884740317,725972973.9362088,74.0,3.163284067182119,0.7259729739362089
2024,"Mangoes, guavas and mangosteens",602.23,2538.7042399844354,1528883.8544458265,6.0,107294.54000000001,4603.900625698982,493973399.84008455,91.0,0.0015288838544458266,0.49397339984008454
2024,Palm oil,8620364.55,4479.7874528681505,38617400950.2394,19.0,4928.59,3041.376803424882,14989699.29959184,22.0,38.6174009502394,0.01498969929959184
2024,Potatoes,1640.56,1381.1896037001336,2265924.4162462912,3.0,506349.85,1817.3779674937398,920229061.23376,33.0,0.0022659244162462912,0.92022906123376
2024,Refined sugar,175101.17,13463.717471338961,2357512681.780894,21.0,2751903.5,4047.997494555801,11139698473.25934,84.0,2.357512681780894,11.13969847325934
2024,Rice,0.5900000000000001,5123.267042214975,3022.7275549068354,2.0,354676.95999999996,912.60801851927,323681037.68003833,17.0,3.0227275549068353e-06,0.3236810376800383
2024,Soya beans,593081.28,8041.459994838485,4769239386.807602,11.0,7169.199999999999,1439.1747807684012,10317731.83828482,40.0,4.769239386807602,0.01031773183828482
2024,Tea leaves,43762.65999999999,3480.9051698571334,152333669.44069993,27.0,249933.28000000003,4592.001609271119,1147694023.9704094,147.0,0.15233366944069993,1.1476940239704094
2024,Tomatoes,,,,,77983.82999999997,1381.3314122618524,107721514.02748817,12.0,,0.10772151402748817
2024,Wheat,116428.4,9437.385917775717,1098779742.5891583,7.0,72048.48999999999,860.48135009704,61996381.94765308,9.0,1.0987797425891583,0.06199638194765308
