Item,Partner Countries,iso3,quantity_tonnes,distance_km,food_miles,share_of_food_imports_pct
"Almonds, in shell",United States of America,USA,2232090.23,12048.513666060027,26893369640.03407,86.34438419407701
"Almonds, in shell",Australia,AUS,280605.38,10354.14409830728,2905428539.280272,10.854712955598114
"Almonds, in shell",Afghanistan,AFG,34106.22,1002.9527124104854,34206925.85906875,1.3193375982330755
"Almonds, in shell","China, Hong Kong SAR",HKG,10450.28,3759.949352937716,39292523.52401796,0.4042502310740723
"Almonds, in shell","China, mainland",CHN,6201.63,3781.464195320433,23451241.797625057,0.23989886974663824
"Almonds, in shell",Canada,CAN,3619.13,11339.239814279874,41038182.989054725,0.1399995156863842
"Almonds, in shell",Pakistan,PAK,2700.35,682.729880538837,1843609.6329130486,0.10445816872666291
"Almonds, in shell",United Arab Emirates,ARE,2556.47,2310.704343820168,5907246.333845945,0.09889243046444052
"Almonds, in shell",Iran (Islamic Republic of),IRN,1230.42,2542.2091304770397,3127984.9583215592,0.047596578208254706
"Almonds, in shell",Germany,DEU,1154.0,5780.147011489692,6670289.651259105,0.04464040835838651
"Almonds, in shell",Chile,CHL,1005.0,16920.67153311452,17005274.890780095,0.0388766121318704
"Almonds, in shell",United Kingdom of Great Britain and Northern Ireland,GBR,998.35,6714.340625937352,6703261.963904556,0.03861936887746549
"Almonds, in shell",Republic of Korea,KOR,753.0,4688.2752194273335,3530271.240228782,0.029128446701789462
"Almonds, in shell",Singapore,SGP,750.9,4150.142844891839,3116342.2622292815,0.02904721198987212
"Almonds, in shell",Japan,JPN,685.0,5842.232014440779,4001928.929891933,0.026497989363513656
"Almonds, in shell","China, Taiwan Province of",TWN,535.0,4389.463591265317,2348363.021326944,0.020695509940846433
"Almonds, in shell",Viet Nam,VNM,429.18,3003.948710326737,1289234.707498029,0.01660205412413546
"Almonds, in shell",Malaysia,MYS,421.0,3838.8313141033054,1616147.9832374917,0.01628562557961934
"Almonds, in shell",Indonesia,IDN,417.0,4993.546328004081,2082308.8187777018,0.016130892795014885
"Almonds, in shell",Italy,ITA,379.0,5916.674095107869,2242419.4820458824,0.014660931341272518
"Almonds, in shell",Thailand,THA,349.0,2916.9713106501185,1018022.9874168914,0.013500435456739074
"Almonds, in shell",Russian Federation,RUS,304.0,4337.813911083233,1318695.4289693027,0.011759691629938908
"Almonds, in shell",Saudi Arabia,SAU,253.0,3050.2928733853737,771724.0969664996,0.009786848626232051
"Almonds, in shell",Netherlands (Kingdom of the),NLD,246.0,6357.460004804903,1563935.1611820061,0.009516066253174247
"Almonds, in shell",Spain,ESP,226.0,7275.224630476575,1644200.766487706,0.00874240233015195
"Almonds, in shell",France,FRA,222.0,6588.053224994354,1462547.8159487466,0.00858766954554749
"Almonds, in shell",Belgium,BEL,204.0,6413.584835634752,1308371.3064694896,0.007891372014827425
"Almonds, in shell",South Africa,ZAF,156.0,7993.25660213344,1246948.0299328165,0.006034578599573913
"Almonds, in shell",Austria,AUT,146.77,5565.876795654235,816903.7372981722,0.005677532699099123
"Almonds, in shell",Türkiye,TUR,145.41,4218.907186700092,613471.2940180604,0.005624923552333606
"Almonds, in shell",Ukraine,UKR,144.0,4579.187332744632,659402.975915227,0.005570380245760535
"Almonds, in shell",Sweden,SWE,122.0,5569.000083685222,679418.0102095971,0.004719349930436009
"Almonds, in shell",Sri Lanka,LKA,97.78,2428.9375693398165,237501.51553004727,0.0037824429196560076
"Almonds, in shell",Qatar,QAT,92.0,2568.42663827716,236295.2507214987,0.003558854045902564
"Almonds, in shell",Israel,ISR,91.8,4065.628404436001,373224.6875272249,0.003551117406672341
"Almonds, in shell",Switzerland,CHE,82.0,6243.158569671946,511939.00271309953,0.0031720220843914153
"Almonds, in shell",Cambodia,KHM,60.0,3441.974414269532,206518.46485617192,0.0023209917690668897
"Almonds, in shell",Kuwait,KWT,60.0,2835.8211057413478,170149.26634448086,0.0023209917690668897
"Almonds, in shell",Bahrain,BHR,54.0,2632.450908574484,142152.34906302212,0.0020888925921602004
"Almonds, in shell",Syrian Arab Republic,SYR,52.0,3908.479487335017,203240.9333414209,0.002011526199857971
"Almonds, in shell",Brazil,BRA,41.0,14238.19804883822,583766.120002367,0.0015860110421957077
"Almonds, in shell",Poland,POL,41.0,5264.896657577059,215860.76296065943,0.0015860110421957077
"Almonds, in shell",Romania,ROU,41.0,4803.843905463052,196957.60012398512,0.0015860110421957077
"Almonds, in shell",Uzbekistan,UZB,40.49,1582.619042819331,64080.245043754716,0.001566282612158639
"Almonds, in shell",Czechia,CZE,40.0,5706.560394901874,228262.41579607496,0.0015473278460445931
"Almonds, in shell",Denmark,DNK,40.0,5846.974609763495,233878.98439053982,0.0015473278460445931
"Almonds, in shell",Finland,FIN,40.0,5215.952945243741,208638.11780974964,0.0015473278460445931
"Almonds, in shell",Mozambique,MOZ,40.0,7716.397734599136,308655.9093839654,0.0015473278460445931
"Almonds, in shell",Myanmar,MMR,40.0,2341.88616329966,93675.4465319864,0.0015473278460445931
"Almonds, in shell",United Republic of Tanzania,TZA,39.0,5888.53296257147,229652.78554028735,0.0015086446498934782
"Almonds, in shell",Nigeria,NGA,24.0,7578.188208003617,181876.5169920868,0.0009283967076267558
"Almonds, in shell",Georgia,GEO,22.8,3259.3031745164394,74312.11237897482,0.0008819768722454182
"Almonds, in shell",Argentina,ARG,20.0,15803.099696243316,316061.9939248663,0.0007736639230222966
"Almonds, in shell",Belarus,BLR,20.0,4872.203206271063,97444.06412542127,0.0007736639230222966
"Almonds, in shell",Belize,BLZ,20.0,14701.508029876932,294030.16059753863,0.0007736639230222966
"Almonds, in shell",Cabo Verde,CPV,20.0,10227.058959074831,204541.1791814966,0.0007736639230222966
"Almonds, in shell",Congo,COG,20.0,7552.585984181655,151051.7196836331,0.0007736639230222966
"Almonds, in shell",Cyprus,CYP,20.0,4171.245410829194,83424.90821658388,0.0007736639230222966
"Almonds, in shell",Egypt,EGY,20.0,4428.472173909593,88569.44347819185,0.0007736639230222966
"Almonds, in shell",Gabon,GAB,20.0,7831.974248997706,156639.4849799541,0.0007736639230222966
"Almonds, in shell",Ghana,GHA,20.0,8490.148944042125,169802.9788808425,0.0007736639230222966
"Almonds, in shell",Honduras,HND,20.0,14981.129130335665,299622.5826067133,0.0007736639230222966
"Almonds, in shell",Hungary,HUN,20.0,5364.760386864549,107295.20773729098,0.0007736639230222966
"Almonds, in shell",Iraq,IRQ,20.0,3155.958588669031,63119.17177338062,0.0007736639230222966
"Almonds, in shell",Luxembourg,LUX,20.0,6302.319454367064,126046.38908734129,0.0007736639230222966
"Almonds, in shell",Madagascar,MDG,20.0,6170.132996692938,123402.65993385875,0.0007736639230222966
"Almonds, in shell",Namibia,NAM,20.0,8593.809163199734,171876.1832639947,0.0007736639230222966
"Almonds, in shell",New Zealand,NZL,20.0,12749.082110394997,254981.64220789995,0.0007736639230222966
"Almonds, in shell",Norway,NOR,20.0,5986.066335949758,119721.32671899514,0.0007736639230222966
"Almonds, in shell",Philippines,PHL,20.0,4752.271687366133,95045.43374732266,0.0007736639230222966
"Almonds, in shell",Slovenia,SVN,20.0,5713.59590750485,114271.91815009702,0.0007736639230222966
"Almonds, in shell",Sudan,SDN,20.0,4796.807498346663,95936.14996693327,0.0007736639230222966
"Almonds, in shell",Uganda,UGA,20.0,5686.140306803077,113722.80613606154,0.0007736639230222966
"Almonds, in shell",Yemen,YEM,20.0,3687.6558316689607,73753.11663337922,0.0007736639230222966
"Almonds, in shell",Slovakia,SVK,10.0,5506.551073182029,55065.510731820286,0.0003868319615111483
"Almonds, in shell",Nepal,NPL,6.0,800.4339445742334,4802.6036674454,0.00023209917690668894
"Almonds, in shell",Tajikistan,TJK,1.21,1355.277299731806,1639.8855326754851,4.680666734284894e-05
Apples,United States of America,USA,964312.28,12048.513666060027,11618529683.929504,21.084105999057552
Apples,"China, mainland",CHN,770564.43,3781.464195320433,2913861802.2324986,16.847926193808675
Apples,Iran (Islamic Republic of),IRN,524928.55,2542.2091304770397,1334478152.6580734,11.477245929224901
Apples,Chile,CHL,510068.42,16920.67153311452,8630700194.234701,11.15233815549026
Apples,Türkiye,TUR,507139.9,4218.907186700092,2139576168.772366,11.088307833175627
Apples,New Zealand,NZL,299435.41000000003,12749.082110394997,3817526628.8497915,6.546974517747777
Apples,Italy,ITA,287163.41,5916.674095107869,1699052309.0098398,6.278654644417493
Apples,Poland,POL,150834.61000000002,5264.896657577059,794128634.0359393,3.2979077125996015
Apples,Afghanistan,AFG,125806.81,1002.9527124104854,126178281.32921058,2.7506899709327497
Apples,South Africa,ZAF,110515.95999999999,7993.25660213344,883382426.911115,2.4163647643557997
Apples,United Arab Emirates,ARE,75088.94,2310.704343820168,173508339.83085197,1.6417743537569307
Apples,Brazil,BRA,73356.59999999999,14238.19804883822,1044465798.9894056,1.6038977851972032
Apples,Belgium,BEL,48278.64,6413.584835634752,309639153.3890694,1.0555833254040277
Apples,Australia,AUS,29968.01,10354.14409830728,310293093.87951356,0.6552324516917037
Apples,France,FRA,27525.9,6588.053224994354,181342094.26587212,0.6018371904581141
Apples,Serbia,SRB,15280.89,5253.45942636048,80277535.61367759,0.33410743718822966
Apples,Argentina,ARG,8026.62,15803.099696243316,126845476.08386053,0.17549720189621076
Apples,Spain,ESP,7161.26,7275.224630476575,52099775.137246676,0.15657662777747772
Apples,Netherlands (Kingdom of the),NLD,6639.85,6357.460004804903,42212580.81290384,0.14517631282040946
Apples,Greece,GRC,3768.57,5009.237571090582,18877662.433284834,0.08239750855902024
Apples,Germany,DEU,3673.62,5780.147011489692,21234063.664348762,0.0803214841153509
Apples,Canada,CAN,2519.38,11339.239814279874,28567854.00330043,0.05508472314788485
Apples,Republic of Korea,KOR,2016.0,4688.2752194273335,9451562.842365505,0.044078623258950955
Apples,Portugal,PRT,1920.87,7775.17247055119,14935095.543507664,0.0419986632239192
Apples,Bhutan,BTN,1900.73,1234.966136613527,2347337.184845429,0.04155831427925885
Apples,Pakistan,PAK,1558.55,682.729880538837,1064068.6553138045,0.03407675509932441
Apples,Malaysia,MYS,1263.0,3838.8313141033054,4848443.949712475,0.027614732726217783
Apples,Thailand,THA,1065.43,2916.9713106501185,3107828.743505956,0.023294983918047678
Apples,United Kingdom of Great Britain and Northern Ireland,GBR,1054.86,6714.340625937352,7082689.352676275,0.02306387724748859
Apples,"China, Hong Kong SAR",HKG,1042.68,3759.949352937716,3920423.991321098,0.022797568898632433
Apples,Singapore,SGP,999.7,4150.142844891839,4148897.802038371,0.021857837138875628
Apples,Japan,JPN,941.87,5842.232014440779,5502623.067441336,0.020593419091720303
Apples,Sri Lanka,LKA,940.0,2428.9375693398165,2283201.3151794276,0.020552532670344195
Apples,"China, Taiwan Province of",TWN,783.0,4389.463591265317,3436949.991960743,0.01711982242646756
Apples,Ukraine,UKR,655.85,4579.187332744632,3003260.012180567,0.014339764416856639
Apples,Indonesia,IDN,598.0,4993.546328004081,2986140.7041464406,0.013074909081772158
Apples,Oman,OMN,500.03,1934.4078333352677,967261.9489026339,0.010932854160800221
Apples,Croatia,HRV,427.95000000000005,5601.706360693636,2397250.237058842,0.009356868464121062
Apples,Republic of Moldova,MDA,315.28,4624.782329273415,1458101.372773322,0.006893406915219273
Apples,Viet Nam,VNM,291.0,3003.948710326737,874149.0747050805,0.006362539369223576
Apples,Egypt,EGY,259.47,4428.472173909593,1149055.6749643222,0.0056731549489087325
Apples,Austria,AUT,234.13,5565.876795654235,1303138.734166526,0.005119111142667752
Apples,Sweden,SWE,208.0,5569.000083685222,1158352.0174065263,0.004547794463225098
Apples,Tunisia,TUN,204.88,6207.970434745458,1271888.9826706494,0.004479577546276721
Apples,Switzerland,CHE,203.0,6243.158569671946,1267361.189643405,0.004438472480936033
Apples,Saudi Arabia,SAU,191.0,3050.2928733853737,582605.9388166064,0.004176099723442278
Apples,Czechia,CZE,176.0,5706.560394901874,1004354.6295027299,0.0038481337765750834
Apples,Russian Federation,RUS,173.0,4337.813911083233,750441.8066173992,0.003782540587201644
Apples,Myanmar,MMR,158.0,2341.88616329966,370018.0138013463,0.0034545746403344497
Apples,Slovenia,SVN,140.89,5713.59590750485,804988.5274083583,0.003080474816941269
Apples,United Republic of Tanzania,TZA,131.0,5888.53296257147,771397.8180968626,0.0028642359359734994
Apples,Israel,ISR,113.16,4065.628404436001,460066.51024597784,0.002474175103166116
Apples,Romania,ROU,105.56,4803.843905463052,507093.76266067976,0.0023080056900867374
Apples,Philippines,PHL,84.0,4752.271687366133,399190.82173875516,0.0018366093024562895
Apples,Guinea,GIN,79.0,9785.26565602836,773035.9868262404,0.0017272873201672249
Apples,Bulgaria,BGR,72.0,5024.842088029114,361788.63033809623,0.001574236544962534
Apples,Qatar,QAT,68.6,2568.42663827716,176194.06738581313,0.0014998975970059699
Apples,Madagascar,MDG,67.0,6170.132996692938,413398.91077842686,0.0014649145626734691
Apples,Norway,NOR,67.0,5986.066335949758,401066.44450863375,0.0014649145626734691
Apples,Mexico,MEX,50.0,14659.908762023892,732995.4381011946,0.0010932198228906487
Apples,Kenya,KEN,47.0,5433.987898014537,255397.43120668322,0.0010276266335172096
Apples,Senegal,SEN,47.0,9676.778248234616,454808.57766702696,0.0010276266335172096
Apples,Denmark,DNK,43.0,5846.974609763495,251419.9082198303,0.0009401690476859578
Apples,Bahrain,BHR,42.0,2632.450908574484,110562.93816012832,0.0009183046512281448
Apples,Ghana,GHA,42.0,8490.148944042125,356586.2556497692,0.0009183046512281448
Apples,Hungary,HUN,41.0,5364.760386864549,219955.1758614465,0.0008964402547703319
Apples,Morocco,MAR,37.0,7775.268819976928,287684.94633914635,0.00080898266893908
Apples,Kuwait,KWT,24.0,2835.8211057413478,68059.70653779234,0.0005247455149875114
Apples,Nigeria,NGA,24.0,7578.188208003617,181876.5169920868,0.0005247455149875114
Apples,Slovakia,SVK,24.0,5506.551073182029,132157.2257563687,0.0005247455149875114
Apples,Bangladesh,BGD,22.0,1420.6060378421685,31253.332832527707,0.00048101672207188543
Apples,Latvia,LVA,22.0,5166.728859831846,113668.03491630062,0.00048101672207188543
Apples,Uruguay,URY,22.0,15592.36598798531,343032.0517356768,0.00048101672207188543
Apples,Iraq,IRQ,21.0,3155.958588669031,66275.13036204965,0.0004591523256140724
Apples,Finland,FIN,20.0,5215.952945243741,104319.05890487482,0.0004372879291562595
Apples,Sudan,SDN,20.0,4796.807498346663,95936.14996693327,0.0004372879291562595
Apples,Seychelles,SYC,18.0,4368.390598928003,78631.03078070405,0.0003935591362406335
Apples,Nepal,NPL,11.0,800.4339445742334,8804.773390316566,0.00024050836103594271
Apples,Lebanon,LBN,0.02,3981.615575367569,79.63231150735137,4.372879291562595e-07
Bananas,Iran (Islamic Republic of),IRN,20.02,2542.2091304770397,50895.02679215033,58.384368620589086
Bananas,Bangladesh,BGD,5.0,1420.6060378421685,7103.030189210842,14.581510644502771
Bananas,Republic of Korea,KOR,4.2,4688.2752194273335,19690.755921594802,12.248468941382328
Bananas,Philippines,PHL,3.0,4752.271687366133,14256.815062098398,8.748906386701663
Bananas,Thailand,THA,1.07,2916.9713106501185,3121.159302395627,3.120443277923593
Bananas,United Arab Emirates,ARE,1.0,2310.704343820168,2310.704343820168,2.916302128900554
"Cashew nuts, in shell",Côte d'Ivoire,CIV,4360326.99,8914.685559015084,38870944050.336716,23.91700452688944
"Cashew nuts, in shell",Benin,BEN,2408675.3,8144.460522743463,19617360892.957268,13.21192153387257
"Cashew nuts, in shell",Guinea-Bissau,GNB,2312361.19,9653.61883295516,22322653532.378605,12.683625144598029
"Cashew nuts, in shell",United Republic of Tanzania,TZA,2171284.12,5888.53296257147,12785678111.72799,11.909797647355605
"Cashew nuts, in shell",Ghana,GHA,1895058.94,8490.148944042125,16089332658.338587,10.394663829260725
"Cashew nuts, in shell",Nigeria,NGA,787225.74,7578.188208003617,5965744819.904921,4.318043493170196
"Cashew nuts, in shell",Indonesia,IDN,661181.98,4993.546328004081,3301642848.3714676,3.626675807806267
"Cashew nuts, in shell",Guinea,GIN,567603.92,9785.26565602836,5554155144.603069,3.113387036168173
"Cashew nuts, in shell",Mozambique,MOZ,566325.49,7716.397734599136,4369992728.081746,3.106374668479365
"Cashew nuts, in shell",Togo,TGO,544096.45,8301.724543943055,4516938853.237285,2.984445269255935
"Cashew nuts, in shell",Senegal,SEN,523193.65,9676.778248234616,5062828931.934475,2.8697904822706444
"Cashew nuts, in shell",Gambia,GMB,462131.01,9663.550103308213,4465826169.427429,2.534853345525352
"Cashew nuts, in shell",Burkina Faso,BFA,379878.20999999996,8281.2932918483,3145882872.1923394,2.083685211928717
"Cashew nuts, in shell",United Arab Emirates,ARE,220366.66,2310.704343820168,509202198.4951421,1.2087420087720313
"Cashew nuts, in shell",Singapore,SGP,173488.32,4150.142844891839,720001309.9203057,0.9516077450885039
"Cashew nuts, in shell",Kenya,KEN,51629.88,5433.987898014537,280556143.09594274,0.283197126388624
"Cashew nuts, in shell",Madagascar,MDG,30170.510000000002,6170.132996692938,186156059.27805427,0.16548947496448266
"Cashew nuts, in shell",Mali,MLI,20345.57,8875.902597477558,180585297.61016148,0.11159830235395853
"Cashew nuts, in shell","China, Hong Kong SAR",HKG,11519.449999999999,3759.949352937716,43312548.57369837,0.06318579740215229
"Cashew nuts, in shell","China, mainland",CHN,8367.29,3781.464195320433,31640607.54686271,0.04589575810868183
"Cashew nuts, in shell",United Kingdom of Great Britain and Northern Ireland,GBR,7072.02,6714.340625937352,47483951.19344148,0.03879102066018508
"Cashew nuts, in shell",Viet Nam,VNM,6631.49,3003.948710326737,19920655.833044652,0.036374651881331044
"Cashew nuts, in shell",Cambodia,KHM,6537.280000000001,3441.974414269532,22501150.49891593,0.035857896830242944
"Cashew nuts, in shell",Thailand,THA,6169.58,2916.9713106501185,17996487.85876076,0.03384101080662451
"Cashew nuts, in shell",Saudi Arabia,SAU,4472.0,3050.2928733853737,13640909.72977939,0.024529546634815467
"Cashew nuts, in shell",Sri Lanka,LKA,3569.0,2428.9375693398165,8668878.184973804,0.01957646510278542
"Cashew nuts, in shell",Philippines,PHL,3326.0,4752.271687366133,15806055.632179758,0.0182435760526378
"Cashew nuts, in shell",Switzerland,CHE,2933.29,6243.158569671946,18312994.60083302,0.016089506674516516
"Cashew nuts, in shell",United States of America,USA,2862.13,12048.513666060027,34484412.41904039,0.015699184103288102
"Cashew nuts, in shell",Malaysia,MYS,2641.71,3838.8313141033054,10141079.070779843,0.014490149517141853
"Cashew nuts, in shell",El Salvador,SLV,2604.84,15090.599138971464,39308596.26115843,0.014287912400767603
"Cashew nuts, in shell",Myanmar,MMR,2589.04,2341.88616329966,6063236.952229352,0.014201247186807386
"Cashew nuts, in shell",South Africa,ZAF,2356.0,7993.25660213344,18832112.554626383,0.012922990132295448
"Cashew nuts, in shell",Bangladesh,BGD,2350.62,1420.6060378421685,3339304.964672558,0.01289348007842798
"Cashew nuts, in shell",Brazil,BRA,1586.56,14238.19804883822,22589755.496364765,0.008702503915235426
"Cashew nuts, in shell",Germany,DEU,1457.0,5780.147011489692,8421674.195740482,0.007991849160761658
"Cashew nuts, in shell",Panama,PAN,1306.0,15147.18238743536,19782220.197990578,0.007163593002027951
"Cashew nuts, in shell",Pakistan,PAK,1154.0,682.729880538837,787870.282141818,0.006329851703170181
"Cashew nuts, in shell",Sweden,SWE,1040.0,5569.000083685222,5791760.087032631,0.005704545729026853
"Cashew nuts, in shell",Iran (Islamic Republic of),IRN,877.0,2542.2091304770397,2229517.407428364,0.004810467888804374
"Cashew nuts, in shell",Australia,AUS,741.11,10354.14409830728,7673559.732696509,0.004065092197345279
"Cashew nuts, in shell",Austria,AUT,674.79,5565.876795654235,3755798.0029395213,0.003701317704317336
"Cashew nuts, in shell",Finland,FIN,639.0,5215.952945243741,3332993.9320107503,0.0035050045392770756
"Cashew nuts, in shell","China, Taiwan Province of",TWN,637.0,4389.463591265317,2796088.3076360067,0.003494034259028947
"Cashew nuts, in shell",Israel,ISR,626.0,4065.628404436001,2545083.3811769364,0.0034336977176642404
"Cashew nuts, in shell",France,FRA,623.0,6588.053224994354,4104357.159171483,0.0034172422972920473
"Cashew nuts, in shell",Congo,COG,517.65,7552.585984181655,3909596.1347116334,0.002839382785221875
"Cashew nuts, in shell",Canada,CAN,469.9,11339.239814279874,5328308.788730113,0.0025774673442978055
"Cashew nuts, in shell",Niger,NER,432.82,7857.838600159797,3401029.7029211633,0.0023740783484975025
"Cashew nuts, in shell",Italy,ITA,428.0,5916.674095107869,2532336.512706168,0.0023476399730995123
"Cashew nuts, in shell",Russian Federation,RUS,424.0,4337.813911083233,1839233.0982992905,0.0023256994126032555
"Cashew nuts, in shell",Kuwait,KWT,412.0,2835.8211057413478,1168358.2955654352,0.002259877731114484
"Cashew nuts, in shell",Republic of Korea,KOR,394.0,4688.2752194273335,1847180.4364543695,0.002161145208881327
"Cashew nuts, in shell",Oman,OMN,360.0,1934.4078333352677,696386.8200006963,0.001974650444663141
"Cashew nuts, in shell",Venezuela (Bolivarian Republic of),VEN,336.69,14199.122494685576,4780702.552735686,0.0018467918283712028
"Cashew nuts, in shell",Bahrain,BHR,333.02,2632.450908574484,876658.8015734745,0.001826661364115887
"Cashew nuts, in shell",Egypt,EGY,327.0,4428.472173909593,1448110.400868437,0.00179364082056902
"Cashew nuts, in shell",Japan,JPN,252.0,5842.232014440779,1472242.4676390763,0.0013822553112641989
"Cashew nuts, in shell",Türkiye,TUR,250.0,4218.907186700092,1054726.796675023,0.0013712850310160704
"Cashew nuts, in shell",Chad,TCD,243.38,6666.413136068139,1622471.6290562635,0.0013349734033947648
"Cashew nuts, in shell",Maldives,MDV,236.0,2747.428566403176,648393.1416711495,0.0012944930692791704
"Cashew nuts, in shell",Zambia,ZMB,191.0,7190.538312063472,1373392.8176041231,0.0010476617636962777
"Cashew nuts, in shell",Costa Rica,CRI,184.0,15275.390684051625,2810671.885865499,0.0010092657828278278
"Cashew nuts, in shell",Malawi,MWI,181.14999999999998,6646.911286747213,1204087.9795942574,0.0009936331334742445
"Cashew nuts, in shell",Spain,ESP,179.0,7275.224630476575,1302265.208855307,0.0009818400822075065
"Cashew nuts, in shell",Portugal,PRT,166.0,7775.17247055119,1290678.6301114976,0.0009105332605946708
"Cashew nuts, in shell",Netherlands (Kingdom of the),NLD,144.17000000000002,6357.460004804903,916555.008892723,0.0007907926516863476
"Cashew nuts, in shell",Sudan,SDN,138.0,4796.807498346663,661959.4347718395,0.0007569493371208709
"Cashew nuts, in shell",Sierra Leone,SLE,131.97,9604.522169438764,1267508.7907008335,0.0007238739421727632
"Cashew nuts, in shell",Colombia,COL,124.72,15276.23526463636,1905252.0622054467,0.0006841066762732971
"Cashew nuts, in shell",Cameroon,CMR,118.36,7437.197470355537,880266.6925912814,0.0006492211850842483
"Cashew nuts, in shell",Malta,MLT,108.0,5850.53387121091,631857.6580907783,0.0005923951333989424
"Cashew nuts, in shell",Belgium,BEL,103.1,6413.584835634752,661240.5965539429,0.0005655179467910274
"Cashew nuts, in shell",Trinidad and Tobago,TTO,101.0,13795.314811355369,1393326.7959468924,0.0005539991525304925
"Cashew nuts, in shell",Suriname,SUR,99.0,13645.12395625313,1350867.2716690598,0.0005430288722823638
"Cashew nuts, in shell",Morocco,MAR,97.0,7775.268819976928,754201.075537762,0.0005320585920342353
"Cashew nuts, in shell",Belize,BLZ,93.55,14701.508029876932,1375326.076194987,0.0005131348586062135
"Cashew nuts, in shell",Papua New Guinea,PNG,93.0,8604.206509756355,800191.205407341,0.0005101180315379782
"Cashew nuts, in shell",Liberia,LBR,86.0,9474.70973902622,814825.037556255,0.0004717220506695282
"Cashew nuts, in shell",Eswatini,SWZ,82.21,7843.07170469821,644778.9248432398,0.00045093336959932455
"Cashew nuts, in shell",Jordan,JOR,68.0,3957.6955468454776,269123.29718549247,0.00037298952843637116
"Cashew nuts, in shell",Tonga,TON,63.0,12766.793370564485,804307.9823455625,0.0003455638278160497
"Cashew nuts, in shell",Gabon,GAB,57.0,7831.974248997706,446422.5321928692,0.00031265298707166406
"Cashew nuts, in shell",Botswana,BWA,55.7,8080.15095618516,450064.40825951344,0.0003055223049103805
"Cashew nuts, in shell",Denmark,DNK,52.0,5846.974609763495,304042.6797077017,0.00028522728645134267
"Cashew nuts, in shell",Czechia,CZE,51.0,5706.560394901874,291034.58013999555,0.00027974214632727834
"Cashew nuts, in shell",Yemen,YEM,50.8,3687.6558316689607,187332.91624878318,0.0002786451183024655
"Cashew nuts, in shell",Guatemala,GTM,50.0,15028.209292593448,751410.4646296725,0.0002742570062032141
"Cashew nuts, in shell",Tunisia,TUN,47.0,6207.970434745458,291774.6104330365,0.0002578015858310212
"Cashew nuts, in shell",Poland,POL,34.0,5264.896657577059,179006.48635762002,0.00018649476421818558
"Cashew nuts, in shell",Afghanistan,AFG,1.0,1002.9527124104854,1002.9527124104854,5.485140124064281e-06
"Cashew nuts, in shell",Mauritius,MUS,0.5,5822.975607264603,2911.4878036323016,2.7425700620321405e-06
"Chick peas, dry",Australia,AUS,4711280.09,10354.14409830728,48781272939.34609,52.72796810577124
"Chick peas, dry",United Republic of Tanzania,TZA,990022.5599999999,5888.53296257147,5829780478.249391,11.080189878431531
"Chick peas, dry",Russian Federation,RUS,836787.46,4337.813911083233,3629828284.608004,9.36520471280011
"Chick peas, dry",Myanmar,MMR,548551.01,2341.88616329966,1284644020.1830535,6.139303884959343
"Chick peas, dry",Canada,CAN,416610.96,11339.239814279874,4724051584.69736,4.662649851368685
"Chick peas, dry",Sudan,SDN,317964.79,4796.807498346663,1525215888.882222,3.5586161267432206
"Chick peas, dry",Iran (Islamic Republic of),IRN,263122.18,2542.2091304770397,668911608.427023,2.9448255357199535
"Chick peas, dry",Türkiye,TUR,183354.15,4218.907186700092,773554141.1462867,2.0520732345719646
"Chick peas, dry",Pakistan,PAK,148987.0,682.729880538837,101717876.71183972,1.6674410423716794
"Chick peas, dry",Ethiopia,ETH,127707.58,4557.245264061662,581994764.1397759,1.4292848390394106
"Chick peas, dry",United States of America,USA,122216.89,12048.513666060027,1472531869.388355,1.3678338274951836
"Chick peas, dry",Mexico,MEX,50361.0,14659.908762023892,738287665.1642852,0.5636330574807208
"Chick peas, dry",Argentina,ARG,36470.79,15803.099696243316,576351530.3707538,0.4081758280502234
"Chick peas, dry",France,FRA,34045.88,6588.053224994354,224296069.53177077,0.3810365846393384
"Chick peas, dry",Ukraine,UKR,23144.62,4579.187332744632,105983550.72518806,0.2590312530495709
"Chick peas, dry","China, mainland",CHN,20992.67,3781.464195320433,79383029.9691774,0.23494693863870464
"Chick peas, dry",United Arab Emirates,ARE,19788.68,2310.704343820168,45725788.834467284,0.221472055993876
"Chick peas, dry",Singapore,SGP,13499.66,4150.142844891839,56025517.35747256,0.15108625008935858
"Chick peas, dry",Djibouti,DJI,13041.75,4007.029620374413,52258678.551518,0.14596138733145075
"Chick peas, dry",Bulgaria,BGR,5137.9,5024.842088029114,25817136.164084785,0.057502636683747256
"Chick peas, dry",Germany,DEU,4839.0,5780.147011489692,27970131.38859862,0.05415739094039451
"Chick peas, dry",Uzbekistan,UZB,4255.0,1582.619042819331,6734044.027196254,0.04762134706579431
"Chick peas, dry",Kenya,KEN,4120.75,5433.987898014537,22392105.630743403,0.04611884040455273
"Chick peas, dry",Kazakhstan,KAZ,4043.0,2553.3734052401,10323288.677385725,0.045248673604466834
"Chick peas, dry",Uganda,UGA,3518.71,5686.140306803077,20007878.758951053,0.0393808954486207
"Chick peas, dry",Malawi,MWI,2616.2,6646.911286747213,17389649.308388058,0.02928013353549496
"Chick peas, dry",United Kingdom of Great Britain and Northern Ireland,GBR,2130.4,6714.340625937352,14304231.269496936,0.023843129915151164
"Chick peas, dry",Malaysia,MYS,2042.0,3838.8313141033054,7838893.543398949,0.022853769849201407
"Chick peas, dry",South Africa,ZAF,1825.0,7993.25660213344,14587693.298893528,0.020425137108125643
"Chick peas, dry",Egypt,EGY,1796.0,4428.472173909593,7953536.024341629,0.020100573285585566
"Chick peas, dry",Republic of Korea,KOR,1722.0,4688.2752194273335,8073209.927853868,0.01927237594531088
"Chick peas, dry",Azerbaijan,AZE,1622.0,2808.9519006469004,4556119.982849273,0.018153190350345093
"Chick peas, dry",Italy,ITA,1394.63,5916.674095107869,8251571.193260288,0.01560849806307138
"Chick peas, dry",Japan,JPN,1204.0,5842.232014440779,7034047.345386697,0.013474994563388097
"Chick peas, dry",Sri Lanka,LKA,1144.25,2428.9375693398165,2779311.813717085,0.012806281170396037
"Chick peas, dry",Indonesia,IDN,1142.0,4993.546328004081,5702629.9065806605,0.012781099494509307
"Chick peas, dry",Belgium,BEL,1081.0,6413.584835634752,6933085.207321167,0.012098396281580175
"Chick peas, dry",Romania,ROU,1074.0,4803.843905463052,5159328.354467317,0.01202005328993257
"Chick peas, dry",Panama,PAN,863.0,15147.18238743536,13072018.400356716,0.009658571684554756
"Chick peas, dry",Afghanistan,AFG,769.0,1002.9527124104854,771270.6358436634,0.008606537225286915
"Chick peas, dry",Netherlands (Kingdom of the),NLD,712.0,6357.460004804903,4526511.523421091,0.007968601436156415
"Chick peas, dry","China, Taiwan Province of",TWN,642.0,4389.463591265317,2818035.6255923333,0.007185171519680364
"Chick peas, dry",Switzerland,CHE,583.0,6243.158569671946,3639761.4461187446,0.0065248520186505475
"Chick peas, dry",Mozambique,MOZ,573.0,7716.397734599136,4421495.901925305,0.006412933459153969
"Chick peas, dry",Madagascar,MDG,525.0,6170.132996692938,3239319.8232637923,0.0058757243735703905
"Chick peas, dry",Qatar,QAT,513.02,2568.42663827716,1317654.2339689485,0.0057416459392934886
"Chick peas, dry",Israel,ISR,484.0,4065.628404436001,1967764.1477470244,0.005416858279634417
"Chick peas, dry",Saudi Arabia,SAU,479.0,3050.2928733853737,1461090.286351594,0.005360898999886127
"Chick peas, dry",Thailand,THA,469.0,2916.9713106501185,1368059.5446949056,0.005248980440389549
"Chick peas, dry",Spain,ESP,390.94,7275.224630476575,2844176.3170385123,0.004375344164959254
"Chick peas, dry",Austria,AUT,374.0,5565.876795654235,2081637.9215746839,0.00418575412517205
"Chick peas, dry",Morocco,MAR,345.0,7775.268819976928,2682467.7428920404,0.003861190302631971
"Chick peas, dry",Greece,GRC,298.0,5009.237571090582,1492752.7961849933,0.0033351730729980506
"Chick peas, dry",Guyana,GUY,244.0,13825.825944770264,3373501.530523944,0.002730812851716524
"Chick peas, dry",Papua New Guinea,PNG,239.0,8604.206509756355,2056405.355831769,0.002674853571968235
"Chick peas, dry",Lebanon,LBN,201.06,3981.615575367569,800543.6275834034,0.0022502345572382146
"Chick peas, dry",Sweden,SWE,147.96,5569.000083685222,823989.2523820655,0.0016559470063113812
"Chick peas, dry",Portugal,PRT,135.0,7775.17247055119,1049648.2835244106,0.0015109005532038147
"Chick peas, dry",Bahrain,BHR,120.0,2632.450908574484,315894.10902893805,0.0013430227139589464
"Chick peas, dry",Brazil,BRA,120.0,14238.19804883822,1708583.7658605864,0.0013430227139589464
"Chick peas, dry",Kuwait,KWT,120.0,2835.8211057413478,340298.5326889617,0.0013430227139589464
"Chick peas, dry",New Zealand,NZL,120.0,12749.082110394997,1529889.8532473997,0.0013430227139589464
"Chick peas, dry",Norway,NOR,120.0,5986.066335949758,718327.9603139709,0.0013430227139589464
"Chick peas, dry",Costa Rica,CRI,110.0,15275.390684051625,1680292.9752456788,0.0012311041544623676
"Chick peas, dry",Iraq,IRQ,110.0,3155.958588669031,347155.4447535934,0.0012311041544623676
"Chick peas, dry",Algeria,DZA,96.0,6830.689369505322,655746.1794725109,0.001074418171167157
"Chick peas, dry",Congo,COG,85.0,7552.585984181655,641969.8086554407,0.0009513077557209204
"Chick peas, dry",Libya,LBY,72.0,6053.629554881623,435861.3279514769,0.000805813628375368
"Chick peas, dry",Peru,PER,72.0,16777.20000027679,1207958.4000199288,0.000805813628375368
"Chick peas, dry",El Salvador,SLV,65.0,15090.599138971464,980888.9440331451,0.0007274706367277627
"Chick peas, dry",Viet Nam,VNM,48.0,3003.948710326737,144189.53809568338,0.0005372090855835785
"Chick peas, dry",New Caledonia,NCL,47.0,11099.853396744677,521693.1096469998,0.0005260172296339206
"Chick peas, dry",Syrian Arab Republic,SYR,45.0,3908.479487335017,175881.57693007577,0.0005036335177346049
"Chick peas, dry",Côte d'Ivoire,CIV,24.0,8914.685559015084,213952.45341636203,0.00026860454279178925
"Chick peas, dry",Jordan,JOR,22.0,3957.6955468454776,87069.3020306005,0.0002462208308924735
"Chick peas, dry",Zambia,ZMB,15.0,7190.538312063472,107858.0746809521,0.0001678778392448683
"Chick peas, dry",Bangladesh,BGD,12.0,1420.6060378421685,17047.272454106023,0.00013430227139589462
"Chick peas, dry",Maldives,MDV,1.0,2747.428566403176,2747.428566403176,1.1191855949657888e-05
"Coffee, green",Viet Nam,VNM,558185.48,3003.948710326737,1676760552.7691107,43.72554841446152
"Coffee, green",Indonesia,IDN,314946.76,4993.546328004081,1572701236.9147828,24.671404570319158
"Coffee, green",Uganda,UGA,175667.86,5686.140306803077,998872099.3558398,13.760969771723278
"Coffee, green",Kenya,KEN,98192.9,5433.987898014537,533579030.27095157,7.691956449505599
"Coffee, green",Côte d'Ivoire,CIV,27932.230000000003,8914.685559015084,249007047.41208795,2.1880756826366654
"Coffee, green",Brazil,BRA,19585.43,14238.19804883822,278861231.2116575,1.5342277761919696
"Coffee, green",United Republic of Tanzania,TZA,14314.69,5888.53296257147,84292523.9139922,1.1213435194211936
"Coffee, green",Honduras,HND,8327.45,14981.129130335665,124754603.77641374,0.6523321211150237
"Coffee, green","China, mainland",CHN,5686.8,3781.464195320433,21504430.58594824,0.44547638308929094
"Coffee, green",United Kingdom of Great Britain and Northern Ireland,GBR,5218.31,6714.340625937352,35037510.83173515,0.40877714437621826
"Coffee, green",Peru,PER,4533.9400000000005,16777.20000027679,76066818.16925496,0.35516691150451224
"Coffee, green",Guinea,GIN,4456.22,9785.26565602836,43605296.5217067,0.3490787029348949
"Coffee, green",Papua New Guinea,PNG,3583.04,8604.206509756355,30829216.092717413,0.2806780086629129
"Coffee, green",Cameroon,CMR,3400.18,7437.197470355537,25287810.09475349,0.2663536414596162
"Coffee, green",Belgium,BEL,3175.6200000000003,6413.584835634752,20367108.275738433,0.24876269811950738
"Coffee, green",Rwanda,RWA,3141.82,6061.655320904235,19044629.920323346,0.24611496974002886
"Coffee, green",Mexico,MEX,2969.0,14659.908762023892,43525269.114448935,0.23257708753466008
"Coffee, green",Germany,DEU,1913.91,5780.147011489692,11062681.166760236,0.14992644446057976
"Coffee, green",Ghana,GHA,1867.73,8490.148944042125,15857305.887255797,0.14630892681074795
"Coffee, green",Nicaragua,NIC,1705.98,15153.117624235529,25850915.60459333,0.13363821481723792
"Coffee, green",Burundi,BDI,1702.6100000000001,6225.419735211545,10599461.89536853,0.13337422533088167
"Coffee, green",Colombia,COL,1382.26,15276.23526463636,21115728.956896253,0.10827955709520351
"Coffee, green",Congo,COG,1248.0,7552.585984181655,9425627.308258705,0.09776227862689653
"Coffee, green",Zambia,ZMB,1238.4,7190.538312063472,8904762.645659406,0.09701026109899732
"Coffee, green",Italy,ITA,1153.96,5916.674095107869,6827605.238790677,0.09039564025985058
"Coffee, green",United States of America,USA,1050.21,12048.513666060027,12653469.537232902,0.08226836749739824
"Coffee, green",Lao People's Democratic Republic,LAO,1030.05,2843.924868057249,2929384.810342369,0.08068913068880991
"Coffee, green",United Arab Emirates,ARE,999.4,2310.704343820168,2309317.921213876,0.07828815806067338
"Coffee, green",Democratic Republic of the Congo,COD,902.4000000000001,7550.471654711011,6813545.621211217,0.07068964762252519
"Coffee, green",Thailand,THA,859.25,2916.9713106501185,2506407.5986761143,0.06730948550493657
"Coffee, green","China, Taiwan Province of",TWN,786.19,4389.463591265317,3450952.3808168797,0.06158631877698701
"Coffee, green",Djibouti,DJI,615.4,4007.029620374413,2465926.0283784135,0.04820745694470522
"Coffee, green",Republic of Korea,KOR,511.0,4688.2752194273335,2395708.6371273673,0.04002926632880138
"Coffee, green",Costa Rica,CRI,449.0,15275.390684051625,6858650.417139179,0.03517248646111902
"Coffee, green",Spain,ESP,357.26,7275.224630476575,2599146.751484061,0.027986018960132253
"Coffee, green",Canada,CAN,326.6,11339.239814279874,3703395.7233438073,0.02558426298040417
"Coffee, green",France,FRA,307.72,6588.053224994354,2027275.738395263,0.024105295175535738
"Coffee, green",Jordan,JOR,280.2,3957.6955468454776,1108946.2922261027,0.021949511595558018
"Coffee, green",Ethiopia,ETH,234.8,4557.245264061662,1070041.1880016783,0.018393095369868034
"Coffee, green",Nigeria,NGA,211.0,7578.188208003617,1598997.7118887631,0.016528718581951256
"Coffee, green",Guatemala,GTM,209.0,15028.209292593448,3140895.7421520306,0.01637204826363892
"Coffee, green",Malaysia,MYS,201.60000000000002,3838.8313141033054,773908.3929232265,0.015792368085883284
"Coffee, green",Egypt,EGY,189.0,4428.472173909593,836981.2408689131,0.014805345080515581
"Coffee, green",Czechia,CZE,180.22,5706.560394901874,1028436.3143692157,0.014117562383124432
"Coffee, green",Kuwait,KWT,145.62,2835.8211057413478,412952.2694180551,0.01140716587632105
"Coffee, green",Pakistan,PAK,130.0,682.729880538837,88754.88447004881,0.010183570690301721
"Coffee, green",Singapore,SGP,128.66,4150.142844891839,533957.3784237839,0.010078601577032458
"Coffee, green",Sri Lanka,LKA,107.42,2428.9375693398165,260916.47369848308,0.008414762796555468
"Coffee, green",Japan,JPN,96.0,5842.232014440779,560854.2733863147,0.007520175278992041
"Coffee, green",Portugal,PRT,83.0,7775.17247055119,645339.3150557488,0.006501818209961868
"Coffee, green",Madagascar,MDG,80.6,6170.132996692938,497312.7195334508,0.0063138138279870675
"Coffee, green",Oman,OMN,72.02,1934.4078333352677,139316.05215680596,0.005641698162427153
"Coffee, green",Ukraine,UKR,72.0,4579.187332744632,329701.4879576135,0.0056401314592440304
"Coffee, green",Eswatini,SWZ,70.0,7843.07170469821,549015.0193288747,0.005483461140931695
"Coffee, green",Iran (Islamic Republic of),IRN,55.0,2542.2091304770397,139821.50217623718,0.00430843375358919
"Coffee, green",Slovenia,SVN,54.0,5713.59590750485,308534.1790052619,0.004230098594433023
"Coffee, green",New Zealand,NZL,49.0,12749.082110394997,624705.0234093548,0.003838422798652187
"Coffee, green",Estonia,EST,38.4,5205.001858772424,199872.0713768611,0.003008070111596816
"Coffee, green",Myanmar,MMR,36.0,2341.88616329966,84307.90187878776,0.0028200657296220152
"Coffee, green",Netherlands (Kingdom of the),NLD,32.0,6357.460004804903,203438.7201537569,0.002506725092997347
"Coffee, green",Qatar,QAT,20.88,2568.42663827716,53628.748207227094,0.0016356381231807686
"Coffee, green",Finland,FIN,20.0,5215.952945243741,104319.05890487482,0.0015667031831233416
"Coffee, green",Timor-Leste,TLS,19.02,6632.195674161094,126144.361722544,0.001489934727150298
"Coffee, green",Liberia,LBR,16.0,9474.70973902622,151595.35582441953,0.0012533625464986734
"Coffee, green",Australia,AUS,3.86,10354.14409830728,39966.996219466106,0.00030237371434280495
"Coffee, green",Panama,PAN,1.62,15147.18238743536,24538.435467645282,0.00012690295783299068
"Coffee, green",Jamaica,JAM,1.12,14130.371805788029,15826.016422482593,8.773537825490715e-05
"Coffee, green",Philippines,PHL,1.01,4752.271687366133,4799.794404239794,7.911851074772876e-05
"Coffee, green",Türkiye,TUR,1.0,4218.907186700092,4218.907186700092,7.833515915616709e-05
"Coffee, green",Nepal,NPL,0.43,800.4339445742334,344.1865961669203,3.368411843715184e-05
"Coffee, green",Greece,GRC,0.24,5009.237571090582,1202.2170170617396,1.88004381974801e-05
"Coffee, green",Yemen,YEM,0.2,3687.6558316689607,737.5311663337922,1.566703183123342e-05
"Coffee, green",Israel,ISR,0.01,4065.628404436001,40.65628404436001,7.833515915616709e-07
Grapes,"China, mainland",CHN,61840.05,3781.464195320433,233845934.91182536,47.806459139077795
Grapes,United States of America,USA,25954.52,12048.513666060027,312713388.9160283,20.06456495191025
Grapes,Afghanistan,AFG,12559.939999999999,1002.9527124104854,12597025.89071295,9.709666444307025
Grapes,Chile,CHL,8011.55,16920.67153311452,135560806.02112365,6.19345937973334
Grapes,Australia,AUS,7328.72,10354.14409830728,75882622.93614654,5.665586512652274
Grapes,Peru,PER,7039.37,16777.20000027679,118100918.36594842,5.441899776436953
Grapes,Egypt,EGY,2528.97,4428.472173909593,11199473.273652142,1.9550615009035983
Grapes,Mexico,MEX,989.11,14659.908762023892,14500262.355605451,0.7646476158905634
Grapes,South Africa,ZAF,948.02,7993.25660213344,7577767.123954543,0.7328823212954797
Grapes,Italy,ITA,738.65,5916.674095107869,4370351.320351427,0.5710254283927618
Grapes,United Arab Emirates,ARE,374.07,2310.704343820168,864365.1738928102,0.28918091382776745
Grapes,"China, Hong Kong SAR",HKG,136.47,3759.949352937716,513120.2881954101,0.10550035905064674
Grapes,Germany,DEU,114.0,5780.147011489692,658936.7593098249,0.08812955911023469
Grapes,Netherlands (Kingdom of the),NLD,91.27,6357.460004804903,580245.3746385435,0.07055776192974667
Grapes,"China, Taiwan Province of",TWN,90.0,4389.463591265317,395051.7232138785,0.06957596771860633
Grapes,Spain,ESP,58.8,7275.224630476575,427783.2082720226,0.04545629890948947
Grapes,Thailand,THA,54.0,2916.9713106501185,157516.4507751064,0.0417455806311638
Grapes,United Kingdom of Great Britain and Northern Ireland,GBR,45.0,6714.340625937352,302145.3281671809,0.034787983859303165
Grapes,Uzbekistan,UZB,44.01,1582.619042819331,69651.06407447875,0.034022648214398495
Grapes,Malaysia,MYS,38.0,3838.8313141033054,145875.58993592561,0.029376519703411562
Grapes,Japan,JPN,37.0,5842.232014440779,216162.58453430881,0.028603453395427046
Grapes,Ukraine,UKR,37.0,4579.187332744632,169429.9313115514,0.028603453395427046
Grapes,Singapore,SGP,36.0,4150.142844891839,149405.1424161062,0.027830387087442534
Grapes,Türkiye,TUR,33.230000000000004,4218.907186700092,140194.28581404407,0.02568899341432543
Grapes,New Zealand,NZL,33.0,12749.082110394997,420719.7096430349,0.02551118816348899
Grapes,Pakistan,PAK,31.0,682.729880538837,21164.626296703947,0.02396505554751996
Grapes,Saudi Arabia,SAU,30.0,3050.2928733853737,91508.7862015612,0.023191989239535443
Grapes,Iran (Islamic Republic of),IRN,29.259999999999998,2542.2091304770397,74385.03915775818,0.022619920171626902
Grapes,Argentina,ARG,29.0,15803.099696243316,458289.8911910562,0.02241892293155093
Grapes,Brazil,BRA,17.0,14238.19804883822,242049.36683024972,0.013142127235736751
Grapes,Denmark,DNK,17.0,5846.974609763495,99398.56836597942,0.013142127235736751
Grapes,Republic of Korea,KOR,16.0,4688.2752194273335,75012.40351083734,0.012369060927752237
Grapes,Bangladesh,BGD,14.0,1420.6060378421685,19888.48452979036,0.010822928311783208
Grapes,Viet Nam,VNM,11.0,3003.948710326737,33043.43581359411,0.008503729387829662
"Hazelnuts, in shell",United States of America,USA,35.0,12048.513666060027,421697.978312101,39.05814083249638
"Hazelnuts, in shell",Australia,AUS,22.0,10354.14409830728,227791.1701627602,24.550831380426292
"Hazelnuts, in shell",Türkiye,TUR,16.0,4218.907186700092,67502.51498720147,17.855150094855485
"Hazelnuts, in shell",Iran (Islamic Republic of),IRN,13.47,2542.2091304770397,34243.55698752573,15.031804486106463
"Hazelnuts, in shell",Afghanistan,AFG,2.0,1002.9527124104854,2005.905424820971,2.2318937618569357
"Hazelnuts, in shell",Singapore,SGP,1.0,4150.142844891839,4150.142844891839,1.1159468809284678
"Hazelnuts, in shell",United Arab Emirates,ARE,0.14,2310.704343820168,323.49860813482354,0.1562325633299855
Kiwi fruit,Iran (Islamic Republic of),IRN,130654.94,2542.2091304770397,332152181.4099298,29.892043812094716
Kiwi fruit,Chile,CHL,107795.88,16920.67153311452,1823978678.103029,24.662206937780574
Kiwi fruit,New Zealand,NZL,66690.83,12749.082110394997,850246867.6803939,15.257939823974207
Kiwi fruit,United Arab Emirates,ARE,51096.2,2310.704343820168,118068211.29270406,11.690104094277292
Kiwi fruit,Italy,ITA,40356.99,5916.674095107869,238779157.2895273,9.233121328625371
Kiwi fruit,Greece,GRC,37581.6,5009.237571090582,188255162.7016978,8.598150469692294
Kiwi fruit,France,FRA,711.03,6588.053224994354,4684303.484567735,0.1626738331647751
Kiwi fruit,"China, mainland",CHN,301.92,3781.464195320433,1141699.6698511452,0.06907512159699157
Kiwi fruit,United States of America,USA,288.53999999999996,12048.513666060027,3476478.13320496,0.06601396259140149
Kiwi fruit,Afghanistan,AFG,273.68,1002.9527124104854,274488.09833250166,0.06261420004857131
Kiwi fruit,Germany,DEU,208.94,5780.147011489692,1207703.9165806563,0.047802583156052646
Kiwi fruit,"China, Hong Kong SAR",HKG,120.0,3759.949352937716,451193.92235252593,0.02745434085730984
Kiwi fruit,Oman,OMN,110.87,1934.4078333352677,214467.79648188115,0.025365523090416182
Kiwi fruit,Australia,AUS,105.0,10354.14409830728,1087185.1303222645,0.02402254825014611
Kiwi fruit,Canada,CAN,96.0,11339.239814279874,1088567.0221708678,0.021963472685847873
Kiwi fruit,Qatar,QAT,81.49000000000001,2568.42663827716,209301.08675320577,0.018643785303851492
Kiwi fruit,Viet Nam,VNM,78.35,3003.948710326737,235359.3814540998,0.017925396718085216
Kiwi fruit,Japan,JPN,70.0,5842.232014440779,408956.2410108545,0.016015032166764073
Kiwi fruit,Indonesia,IDN,52.0,4993.546328004081,259664.40905621223,0.011896881038167597
Kiwi fruit,"China, Taiwan Province of",TWN,51.0,4389.463591265317,223862.64315453114,0.011668094864356682
Kiwi fruit,Spain,ESP,50.0,7275.224630476575,363761.23152382876,0.011439308690545767
Kiwi fruit,Republic of Korea,KOR,47.83,4688.2752194273335,224240.20374520935,0.01094284269337608
Kiwi fruit,Türkiye,TUR,41.04,4218.907186700092,173143.95094217177,0.009389384573199966
Kiwi fruit,South Africa,ZAF,35.0,7993.25660213344,279763.9810746704,0.008007516083382037
Kiwi fruit,Saudi Arabia,SAU,24.0,3050.2928733853737,73207.02896124897,0.005490868171461968
Kiwi fruit,Singapore,SGP,24.0,4150.142844891839,99603.42827740413,0.005490868171461968
Kiwi fruit,Algeria,DZA,17.0,6830.689369505322,116121.71928159049,0.0038893649547855607
Kiwi fruit,Austria,AUT,17.0,5565.876795654235,94619.90552612199,0.0038893649547855607
Kiwi fruit,Malaysia,MYS,17.0,3838.8313141033054,65260.132339756194,0.0038893649547855607
Kiwi fruit,Norway,NOR,17.0,5986.066335949758,101763.12771114588,0.0038893649547855607
Kiwi fruit,Somalia,SOM,17.0,4487.162056851129,76281.75496646919,0.0038893649547855607
Kiwi fruit,United Kingdom of Great Britain and Northern Ireland,GBR,17.0,6714.340625937352,114143.790640935,0.0038893649547855607
Kiwi fruit,Finland,FIN,15.0,5215.952945243741,78239.29417865611,0.00343179260716373
Kiwi fruit,Nepal,NPL,12.0,800.4339445742334,9605.2073348908,0.002745434085730984
Kiwi fruit,Netherlands (Kingdom of the),NLD,11.22,6357.460004804903,71330.70125391101,0.0025669808701584704
Kiwi fruit,Israel,ISR,2.0,4065.628404436001,8131.256808872002,0.0004575723476218307
"Lentils, dry",Canada,CAN,8562267.04,11339.239814279874,97089599320.46428,69.94860874567074
"Lentils, dry",Australia,AUS,2608511.04,10354.14409830728,27008899190.185387,21.309977520360388
"Lentils, dry",United States of America,USA,731126.1799999999,12048.513666060027,8808983771.344263,5.972864297460271
"Lentils, dry",Nepal,NPL,113775.84,800.4339445742334,91070044.40844683,0.9294806713795315
"Lentils, dry",Russian Federation,RUS,64456.84,4337.813911083233,279601777.2164661,0.5265738922973722
"Lentils, dry",Türkiye,TUR,35473.6,4218.907186700092,149659825.97812438,0.2897981288843831
"Lentils, dry",United Arab Emirates,ARE,35036.450000000004,2310.704343820168,80958877.20703813,0.2862268744291881
"Lentils, dry",Singapore,SGP,19634.72,4150.142844891839,81486892.71945469,0.16040393749630077
"Lentils, dry",Sri Lanka,LKA,17865.25,2428.9375693398165,43393576.91064816,0.14594842423807355
"Lentils, dry","China, mainland",CHN,13976.0,3781.464195320433,52849743.59379838,0.11417557420978246
"Lentils, dry",Netherlands (Kingdom of the),NLD,11131.45,6357.460004804903,70767748.17048554,0.0909372993372555
"Lentils, dry",Myanmar,MMR,4057.0,2341.88616329966,9501032.16450672,0.03314326735611673
"Lentils, dry",United Republic of Tanzania,TZA,2076.04,5888.53296257147,12224829.971616875,0.01696000708947315
"Lentils, dry","China, Taiwan Province of",TWN,1944.0,4389.463591265317,8533117.221419776,0.015881319137365273
"Lentils, dry",Pakistan,PAK,1500.5,682.729880538837,1024436.185748525,0.01225818897408261
"Lentils, dry",Mozambique,MOZ,1361.0,7716.397734599136,10502017.316789424,0.01111855727672538
"Lentils, dry",United Kingdom of Great Britain and Northern Ireland,GBR,1310.29,6714.340625937352,8797733.378759453,0.010704286858281042
"Lentils, dry",Republic of Korea,KOR,819.0,4688.2752194273335,3839697.404710986,0.006690740932871482
"Lentils, dry",Philippines,PHL,809.0,4752.271687366133,3844587.7950792015,0.0066090469043870925
"Lentils, dry",Japan,JPN,728.0,5842.232014440779,4253144.906512887,0.005947325273663539
"Lentils, dry",Switzerland,CHE,689.0,6243.158569671946,4301536.254503971,0.005628718562574421
"Lentils, dry",Germany,DEU,662.0,5780.147011489692,3826457.321606176,0.00540814468566657
"Lentils, dry",Spain,ESP,653.0,7275.224630476575,4750721.683701203,0.005334620060030619
"Lentils, dry",Iran (Islamic Republic of),IRN,631.0,2542.2091304770397,1604133.961331012,0.005154893197364963
"Lentils, dry",Indonesia,IDN,589.0,4993.546328004081,2941198.787194404,0.004811778277730528
"Lentils, dry",Uzbekistan,UZB,575.0,1582.619042819331,910005.9496211153,0.004697406637852383
"Lentils, dry",Saudi Arabia,SAU,563.0,3050.2928733853737,1717314.8877159653,0.004599373803671116
"Lentils, dry",Malaysia,MYS,548.0,3838.8313141033054,2103679.5601286115,0.004476832760944532
"Lentils, dry",Ukraine,UKR,537.0,4579.187332744632,2459023.5976838674,0.0043869693296117035
"Lentils, dry",Brazil,BRA,500.0,14238.19804883822,7119099.02441911,0.004084701424219463
"Lentils, dry",Djibouti,DJI,445.0,4007.029620374413,1783128.1810666136,0.0036353842675553227
"Lentils, dry",Italy,ITA,418.0,5916.674095107869,2473169.7717550895,0.0034148103906474717
"Lentils, dry",Côte d'Ivoire,CIV,399.0,8914.685559015084,3556959.5380470185,0.003259591736527132
"Lentils, dry",Belgium,BEL,396.0,6413.584835634752,2539779.594911362,0.003235083527981815
"Lentils, dry",Malawi,MWI,396.0,6646.911286747213,2632176.8695518966,0.003235083527981815
"Lentils, dry",France,FRA,385.0,6588.053224994354,2536400.4916228266,0.003145220096648987
"Lentils, dry",Czechia,CZE,366.0,5706.560394901874,2088601.1045340858,0.0029900014425286474
"Lentils, dry",Afghanistan,AFG,359.8,1002.9527124104854,360862.3859252927,0.0029393511448683263
"Lentils, dry",Finland,FIN,356.0,5215.952945243741,1856879.2485067719,0.0029083074140442582
"Lentils, dry",Ethiopia,ETH,294.0,4557.245264061662,1339830.1076341285,0.0024018044374410448
"Lentils, dry",Norway,NOR,276.0,5986.066335949758,1652154.308722133,0.0022547551861691437
"Lentils, dry",Algeria,DZA,274.86,6830.689369505322,1877483.280102233,0.0022454420669219236
"Lentils, dry",Sweden,SWE,269.0,5569.000083685222,1498061.0225113248,0.0021975693662300714
"Lentils, dry",Maldives,MDV,227.0,2747.428566403176,623666.2845735209,0.0018544544465956363
"Lentils, dry",Kenya,KEN,197.0,5433.987898014537,1070495.6159088637,0.0016093723611424686
"Lentils, dry",Hungary,HUN,189.0,5364.760386864549,1013939.7131173998,0.0015440171383549572
"Lentils, dry",Chile,CHL,139.0,16920.67153311452,2351973.3431029185,0.0011355469959330108
"Lentils, dry",Lebanon,LBN,138.0,3981.615575367569,549462.9494007245,0.0011273775930845718
"Lentils, dry",Thailand,THA,138.0,2916.9713106501185,402542.0408697164,0.0011273775930845718
"Lentils, dry",New Zealand,NZL,137.0,12749.082110394997,1746624.2491241146,0.001119208190236133
"Lentils, dry",Kazakhstan,KAZ,135.0,2553.3734052401,344705.4097074135,0.0011028693845392553
"Lentils, dry",South Africa,ZAF,135.0,7993.25660213344,1079089.6412880144,0.0011028693845392553
"Lentils, dry",Argentina,ARG,125.0,15803.099696243316,1975387.4620304145,0.0010211753560548657
"Lentils, dry",Madagascar,MDG,125.0,6170.132996692938,771266.6245866172,0.0010211753560548657
"Lentils, dry",Georgia,GEO,110.87,3259.3031745164394,361358.94295863766,0.0009057416938064238
"Lentils, dry",Bahrain,BHR,103.0,2632.450908574484,271142.4435831719,0.0008414484933892095
"Lentils, dry",Greece,GRC,100.0,5009.237571090582,500923.75710905815,0.0008169402848438928
"Lentils, dry",Viet Nam,VNM,93.0,3003.948710326737,279367.23006038653,0.0007597544649048202
"Lentils, dry",Oman,OMN,78.0,1934.4078333352677,150883.8110001509,0.0006372134221782364
"Lentils, dry",Panama,PAN,75.0,15147.18238743536,1136038.679057652,0.0006127052136329196
"Lentils, dry",Poland,POL,75.0,5264.896657577059,394867.24931827944,0.0006127052136329196
"Lentils, dry",Qatar,QAT,36.0,2568.42663827716,92463.35897797775,0.0002940985025438014
Maize (corn),Ukraine,UKR,911684.75,4579.187332744632,4174775258.6564565,47.44600670434686
Maize (corn),Myanmar,MMR,631283.23,2341.88616329966,1478393461.4601169,32.85331729298065
Maize (corn),Argentina,ARG,142336.48,15803.099696243316,2249357583.852343,7.407492101138177
Maize (corn),South Africa,ZAF,77370.16,7993.25660213344,618439542.2281206,4.026507112328455
Maize (corn),Singapore,SGP,45447.24,4150.142844891839,188612537.90608215,2.3651706949513644
Maize (corn),Brazil,BRA,39523.01,14238.19804883822,562736443.8662134,2.0568612093555014
Maize (corn),"China, mainland",CHN,31700.0,3781.464195320433,119872414.99165773,1.6497351880985125
Maize (corn),United States of America,USA,28889.88,12048.513666060027,348080113.9908343,1.503490587253737
Maize (corn),Switzerland,CHE,7122.97,6243.158569671946,44469831.19701618,0.3706944559233458
Maize (corn),France,FRA,1630.43,6588.053224994354,10741359.619627547,0.08485103289373684
Maize (corn),Türkiye,TUR,855.02,4218.907186700092,3607250.0227723126,0.04449705301350127
Maize (corn),Pakistan,PAK,707.0,682.729880538837,482690.0255409578,0.03679377848535169
Maize (corn),Bangladesh,BGD,648.0,1420.6060378421685,920552.7125217252,0.03372329343494752
Maize (corn),Australia,AUS,621.08,10354.14409830728,6430751.816576687,0.03232231957805124
Maize (corn),United Arab Emirates,ARE,539.05,2310.704343820168,1245585.1765362616,0.028053304515599467
Maize (corn),Japan,JPN,189.0,5842.232014440779,1104181.8507293072,0.009835960585193025
Maize (corn),Nepal,NPL,175.31,800.4339445742334,140324.07482330885,0.00912350396926026
Maize (corn),Qatar,QAT,120.0,2568.42663827716,308211.19659325917,0.0062450543398050945
Maize (corn),Italy,ITA,105.26,5916.674095107869,622789.1152510543,0.005477953498399036
Maize (corn),Jordan,JOR,98.0,3957.6955468454776,387854.1635908568,0.0051001277108408275
Maize (corn),Saudi Arabia,SAU,96.0,3050.2928733853737,292828.1158449959,0.004996043471844076
Maize (corn),New Zealand,NZL,84.0,12749.082110394997,1070922.8972731796,0.004371538037863567
Maize (corn),Malaysia,MYS,53.9,3838.8313141033054,206913.00783016815,0.002805070240962455
Maize (corn),Bhutan,BTN,53.67,1234.966136613527,66280.63255204799,0.0027931005534778293
Maize (corn),Republic of Moldova,MDA,50.0,4624.782329273415,231239.11646367074,0.0026021059749187898
Maize (corn),Lebanon,LBN,48.0,3981.615575367569,191117.54761764331,0.002498021735922038
Maize (corn),Thailand,THA,31.880000000000003,2916.9713106501185,92993.04538352578,0.0016591027696082204
Maize (corn),"China, Taiwan Province of",TWN,26.29,4389.463591265317,115398.99781436517,0.0013681873216122996
Maize (corn),Indonesia,IDN,21.05,4993.546328004081,105114.15020448591,0.0010954866154408106
Maize (corn),Philippines,PHL,2.95,4752.271687366133,14019.201477730094,0.00015352425252020862
Maize (corn),Spain,ESP,2.12,7275.224630476575,15423.47621661034,0.00011032929333655668
Maize (corn),Peru,PER,1.34,16777.20000027679,22481.4480003709,6.973644012782356e-05
Maize (corn),Mexico,MEX,1.01,14659.908762023892,14806.507849644131,5.2562540693359554e-05
Maize (corn),Germany,DEU,1.0,5780.147011489692,5780.147011489692,5.2042119498375795e-05
Maize (corn),Chile,CHL,0.76,16920.67153311452,12859.710365167035,3.9552010818765605e-05
Maize (corn),Guatemala,GTM,0.38,15028.209292593448,5710.71953118551,1.9776005409382803e-05
Maize (corn),Zimbabwe,ZWE,0.16999999999999998,7161.042887638529,1217.3772908985497,8.847160314723883e-06
Maize (corn),Ghana,GHA,0.07,8490.148944042125,594.3104260829488,3.6429483648863056e-06
Maize (corn),Kenya,KEN,0.02,5433.987898014537,108.67975796029074,1.040842389967516e-06
Maize (corn),United Kingdom of Great Britain and Northern Ireland,GBR,0.02,6714.340625937352,134.28681251874704,1.040842389967516e-06
Maize (corn),Nigeria,NGA,0.01,7578.188208003617,75.78188208003617,5.20421194983758e-07
"Mangoes, guavas and mangosteens",Thailand,THA,5921.85,2916.9713106501185,17273866.555973407,64.14301590293168
"Mangoes, guavas and mangosteens",Nepal,NPL,960.56,800.4339445742334,768864.8298002256,10.404386358269806
"Mangoes, guavas and mangosteens","China, mainland",CHN,418.62,3781.464195320433,1582996.5414450397,4.534317707690208
"Mangoes, guavas and mangosteens",Sri Lanka,LKA,332.77,2428.9375693398165,808277.5549492107,3.604426218499045
"Mangoes, guavas and mangosteens",Malawi,MWI,307.99,6646.911286747213,2047182.2072052741,3.336019566173396
"Mangoes, guavas and mangosteens",South Africa,ZAF,234.21,7993.25660213344,1872100.628785673,2.5368652962546547
"Mangoes, guavas and mangosteens",Bangladesh,BGD,205.0,1420.6060378421685,291224.23775764456,2.220474726664977
"Mangoes, guavas and mangosteens",United Arab Emirates,ARE,158.23,2310.704343820168,365622.74832266517,1.7138815414643866
"Mangoes, guavas and mangosteens",United States of America,USA,75.54,12048.513666060027,910144.7223341746,0.8182178578159628
"Mangoes, guavas and mangosteens",Netherlands (Kingdom of the),NLD,72.24000000000001,6357.460004804903,459262.91074710625,0.7824736305086729
"Mangoes, guavas and mangosteens",Pakistan,PAK,67.0,682.729880538837,45742.90199610208,0.7257161301783095
"Mangoes, guavas and mangosteens",Australia,AUS,61.0,10354.14409830728,631602.7899967441,0.6607266259832371
"Mangoes, guavas and mangosteens",Saudi Arabia,SAU,52.910000000000004,3050.2928733853737,161390.99593082012,0.5730991111602143
"Mangoes, guavas and mangosteens",Kenya,KEN,48.01,5433.987898014537,260885.7589836779,0.5200243494009051
"Mangoes, guavas and mangosteens",Japan,JPN,46.0,5842.232014440779,268742.6726642758,0.49825286549555575
"Mangoes, guavas and mangosteens",Malaysia,MYS,31.25,3838.8313141033054,119963.47856572829,0.3384870010160026
"Mangoes, guavas and mangosteens",Singapore,SGP,30.0,4150.142844891839,124504.28534675516,0.32494752097536245
"Mangoes, guavas and mangosteens",United Kingdom of Great Britain and Northern Ireland,GBR,26.41,6714.340625937352,177325.73593100547,0.28606213429864413
"Mangoes, guavas and mangosteens",Germany,DEU,24.0,5780.147011489692,138723.52827575261,0.25995801678028996
"Mangoes, guavas and mangosteens",Poland,POL,22.6,5264.896657577059,118986.66446124154,0.2447937991347731
"Mangoes, guavas and mangosteens",Yemen,YEM,21.0,3687.6558316689607,77440.77246504817,0.2274632646827537
"Mangoes, guavas and mangosteens",Kuwait,KWT,19.0,2835.8211057413478,53880.60100908561,0.20580009661772958
"Mangoes, guavas and mangosteens",Indonesia,IDN,17.0,4993.546328004081,84890.28757606939,0.18413692855270541
"Mangoes, guavas and mangosteens","China, Taiwan Province of",TWN,13.04,4389.463591265317,57238.605230099725,0.14124385578395757
"Mangoes, guavas and mangosteens",Republic of Korea,KOR,9.0,4688.2752194273335,42194.476974846,0.09748425629260875
"Mangoes, guavas and mangosteens",Viet Nam,VNM,7.07,3003.948710326737,21237.917382010033,0.07657929910986043
"Mangoes, guavas and mangosteens",France,FRA,7.0,6588.053224994354,46116.37257496048,0.07582108822758457
"Mangoes, guavas and mangosteens",Oman,OMN,5.84,1934.4078333352677,11296.941746677963,0.06325645074987056
"Mangoes, guavas and mangosteens",Italy,ITA,5.0,5916.674095107869,29583.370475539345,0.054157920162560415
"Mangoes, guavas and mangosteens",Spain,ESP,4.08,7275.224630476575,29682.916492344426,0.0441928628526493
"Mangoes, guavas and mangosteens",Switzerland,CHE,4.0,6243.158569671946,24972.634278687783,0.04332633613004833
"Mangoes, guavas and mangosteens",Afghanistan,AFG,3.0,1002.9527124104854,3008.8581372314566,0.032494752097536245
"Mangoes, guavas and mangosteens","China, Hong Kong SAR",HKG,3.0,3759.949352937716,11279.848058813148,0.032494752097536245
"Mangoes, guavas and mangosteens",Argentina,ARG,2.0,15803.099696243316,31606.199392486633,0.021663168065024167
"Mangoes, guavas and mangosteens",Austria,AUT,2.0,5565.876795654235,11131.75359130847,0.021663168065024167
"Mangoes, guavas and mangosteens",Belgium,BEL,2.0,6413.584835634752,12827.169671269505,0.021663168065024167
"Mangoes, guavas and mangosteens",Sweden,SWE,2.0,5569.000083685222,11138.000167370445,0.021663168065024167
"Mangoes, guavas and mangosteens",Ukraine,UKR,1.01,4579.187332744632,4624.979206072078,0.010939899872837203
"Mangoes, guavas and mangosteens",Brazil,BRA,1.0,14238.19804883822,14238.19804883822,0.010831584032512083
"Mangoes, guavas and mangosteens",Canada,CAN,1.0,11339.239814279874,11339.239814279874,0.010831584032512083
"Mangoes, guavas and mangosteens",Ethiopia,ETH,1.0,4557.245264061662,4557.245264061662,0.010831584032512083
"Mangoes, guavas and mangosteens",Iran (Islamic Republic of),IRN,1.0,2542.2091304770397,2542.2091304770397,0.010831584032512083
"Mangoes, guavas and mangosteens",Iraq,IRQ,1.0,3155.958588669031,3155.958588669031,0.010831584032512083
"Mangoes, guavas and mangosteens",Israel,ISR,1.0,4065.628404436001,4065.628404436001,0.010831584032512083
"Mangoes, guavas and mangosteens",Mexico,MEX,1.0,14659.908762023892,14659.908762023892,0.010831584032512083
"Mangoes, guavas and mangosteens",Nigeria,NGA,1.0,7578.188208003617,7578.188208003617,0.010831584032512083
"Mangoes, guavas and mangosteens",Qatar,QAT,1.0,2568.42663827716,2568.42663827716,0.010831584032512083
"Mangoes, guavas and mangosteens",Algeria,DZA,0.03,6830.689369505322,204.92068108515966,0.0003249475209753624
Palm oil,Indonesia,IDN,100857319.42,4993.546328004081,503635697042.07574,63.59086362385814
Palm oil,Malaysia,MYS,48595382.28,3838.8313141033054,186549475217.28488,30.63954450790154
Palm oil,Thailand,THA,4416679.67,2916.9713106501185,12883327885.721632,2.7847307084937474
Palm oil,Singapore,SGP,1777071.1,4150.142844891839,7375098910.52907,1.1204490325527192
Palm oil,Papua New Guinea,PNG,1054234.48,8604.206509756355,9070851175.625607,0.6646982234980462
Palm oil,Nepal,NPL,599483.58,800.4339445742334,479847006.64688295,0.3779763213988684
Palm oil,Philippines,PHL,239951.31,4752.271687366133,1140313816.859414,0.1512900711453006
Palm oil,Cambodia,KHM,167284.44,3441.974414269532,575788762.3854067,0.10547337636582094
Palm oil,"China, mainland",CHN,123468.0,3781.464195320433,466889821.2678232,0.07784697030480049
Palm oil,Bhutan,BTN,77996.0,1234.966136613527,96322418.79130864,0.049176728349800906
Palm oil,Argentina,ARG,68340.0,15803.099696243316,1079983833.2412682,0.043088589356189984
Palm oil,Côte d'Ivoire,CIV,45949.44,8914.685559015084,409624809.2128301,0.028971269407475717
Palm oil,United States of America,USA,42128.27,12048.513666060027,507583036.8224666,0.026562009457370465
Palm oil,Bangladesh,BGD,40657.520000000004,1420.6060378421685,57758318.39568873,0.025634696861590305
Palm oil,Sri Lanka,LKA,39757.05,2428.9375693398165,96567392.39112155,0.02506694763628202
Palm oil,Germany,DEU,34559.97,5780.147011489692,199761707.31267342,0.021790172014811898
Palm oil,Lithuania,LTU,34500.0,5032.259527391903,173612953.69502068,0.021752360737321546
Palm oil,Brazil,BRA,22310.0,14238.19804883822,317654198.46958065,0.0140665266101346
Palm oil,Netherlands (Kingdom of the),NLD,21848.33,6357.460004804903,138899884.14677912,0.013775442193276652
Palm oil,Gabon,GAB,19039.47,7831.974248997706,149116638.75456437,0.012004446947461202
Palm oil,Morocco,MAR,18593.0,7775.268819976928,144565573.16983104,0.011722946179391869
Palm oil,Guinea,GIN,18416.58,9785.26565602836,180211127.77549878,0.011611712803122934
Palm oil,Saudi Arabia,SAU,18054.0,3050.2928733853737,55069987.53609954,0.011383104949321831
Palm oil,Japan,JPN,16668.0,5842.232014440779,97378323.2166989,0.010509227500570305
Palm oil,United Kingdom of Great Britain and Northern Ireland,GBR,15746.48,6714.340625937352,105727230.37951,0.009928206182696202
Palm oil,Honduras,HND,15005.0,14981.129130335665,224791842.60068664,0.009460700662710429
Palm oil,Iran (Islamic Republic of),IRN,13630.0,2542.2091304770397,34650310.448402055,0.008593758749266454
Palm oil,Republic of Korea,KOR,13570.28,4688.2752194273335,63621207.444690354,0.008556105097578546
Palm oil,South Africa,ZAF,13253.0,7993.25660213344,105934629.74807447,0.008356059039180361
Palm oil,Australia,AUS,13197.0,10354.14409830728,136643639.6653612,0.008320750859432824
Palm oil,United Arab Emirates,ARE,12244.87,2310.704343820168,28294274.298513263,0.007720429838307434
Palm oil,France,FRA,10109.34,6588.053224994354,66600869.989564426,0.006373971318731427
Palm oil,Liberia,LBR,10069.699999999999,9474.70973902622,95407484.65907232,0.006348978171495847
Palm oil,Ukraine,UKR,9730.0,4579.187332744632,44555492.74760527,0.006134796231134453
Palm oil,Myanmar,MMR,9122.0,2341.88616329966,21362685.581619497,0.005751450279589772
Palm oil,Panama,PAN,8749.0,15147.18238743536,132522698.70767196,0.005516272582342789
Palm oil,Colombia,COL,8500.0,15276.23526463636,129847999.74940906,0.005359277283108207
Palm oil,Benin,BEN,7750.0,8144.460522743463,63119569.05126184,0.00488639987577513
Palm oil,Guatemala,GTM,6506.0,15028.209292593448,97773529.65761298,0.004102053882811999
Palm oil,Sweden,SWE,6500.0,5569.000083685222,36198500.54395395,0.004098270863553334
Palm oil,Qatar,QAT,6355.0,2568.42663827716,16322351.286251351,0.004006847898135607
Palm oil,Spain,ESP,5944.0,7275.224630476575,43243935.20355276,0.00374771107891708
Palm oil,Canada,CAN,5930.0,11339.239814279874,67241692.09867965,0.0037388840339801963
Palm oil,Senegal,SEN,5500.0,9676.778248234616,53222280.36529039,0.003467767653775899
Palm oil,"China, Taiwan Province of",TWN,5093.0,4389.463591265317,22355538.07031426,0.0032111528473964825
Palm oil,Viet Nam,VNM,4252.0,3003.948710326737,12772789.916309286,0.0026808996479736583
Palm oil,Slovenia,SVN,4246.0,5713.59590750485,24259928.223265596,0.002677116628714994
Palm oil,Sierra Leone,SLE,3975.66,9604.522169438764,38184314.608150914,0.0025066663909837617
Palm oil,Belgium,BEL,3956.33,6413.584835634752,25374258.09276684,0.002494478763938764
Palm oil,Russian Federation,RUS,3310.0,4337.813911083233,14358164.0456855,0.0020869656243633133
Palm oil,Solomon Islands,SLB,3043.62,9811.604856304171,29862796.7727445,0.0019190121793428
Palm oil,Israel,ISR,2982.0,4065.628404436001,12123703.902028155,0.0018801605715563145
Palm oil,Italy,ITA,2966.0,5916.674095107869,17548855.36608994,0.0018700725201998753
Palm oil,Bulgaria,BGR,2000.0,5024.842088029114,10049684.176058229,0.0012610064195548722
Palm oil,Norway,NOR,2000.0,5986.066335949758,11972132.671899514,0.0012610064195548722
Palm oil,New Zealand,NZL,1750.0,12749.082110394997,22310893.693191245,0.0011033806171105132
Palm oil,Ecuador,ECU,1500.0,15937.889441849804,23906834.162774704,0.0009457548146661541
Palm oil,Türkiye,TUR,1500.0,4218.907186700092,6328360.780050138,0.0009457548146661541
Palm oil,Switzerland,CHE,1450.0,6243.158569671946,9052579.926024321,0.0009142296541772823
Palm oil,Tunisia,TUN,1111.0,6207.970434745458,6897055.153002204,0.0007004890660627316
Palm oil,Iceland,ISL,1031.0,7593.303533734082,7828695.943279838,0.0006500488092805366
Palm oil,"China, Hong Kong SAR",HKG,1000.0,3759.949352937716,3759949.352937716,0.0006305032097774361
Palm oil,Saint Lucia,LCA,997.0,13483.504116159176,13443053.603810698,0.0006286117001481037
Palm oil,Kazakhstan,KAZ,996.0,2553.3734052401,2543159.91161914,0.0006279811969383264
Palm oil,Ghana,GHA,989.78,8490.148944042125,8403379.621834014,0.0006240594669735107
Palm oil,Pakistan,PAK,856.0,682.729880538837,584416.7777412445,0.0005397107475694853
Palm oil,Cameroon,CMR,840.0,7437.197470355537,6247245.875098651,0.0005296226962130463
Palm oil,Denmark,DNK,632.91,5846.974609763495,3700608.7002654136,0.0003990517865002371
Palm oil,Czechia,CZE,627.0,5706.560394901874,3578013.367603475,0.0003953255125304524
Palm oil,Luxembourg,LUX,500.0,6302.319454367064,3151159.727183532,0.00031525160488871806
Palm oil,Mexico,MEX,500.0,14659.908762023892,7329954.381011946,0.00031525160488871806
Palm oil,Egypt,EGY,375.0,4428.472173909593,1660677.0652160973,0.00023643870366653853
Palm oil,Bahrain,BHR,250.0,2632.450908574484,658112.727143621,0.00015762580244435903
Palm oil,Kuwait,KWT,250.0,2835.8211057413478,708955.2764353369,0.00015762580244435903
Palm oil,Paraguay,PRY,250.0,15552.808267672342,3888202.066918086,0.00015762580244435903
Palm oil,Poland,POL,250.0,5264.896657577059,1316224.1643942648,0.00015762580244435903
Palm oil,Portugal,PRT,250.0,7775.17247055119,1943793.1176377975,0.00015762580244435903
Palm oil,United Republic of Tanzania,TZA,245.0,5888.53296257147,1442690.5758300102,0.00015447328639547184
Palm oil,Congo,COG,234.0,7552.585984181655,1767305.1202985072,0.00014753775108792004
Palm oil,Ireland,IRL,125.0,7077.793107246976,884724.138405872,7.881290122217952e-05
Palm oil,Nigeria,NGA,36.97,7578.188208003617,280165.6180498937,2.3309703665471814e-05
Palm oil,Kenya,KEN,0.04,5433.987898014537,217.3595159205815,2.5220128391097444e-08
Potatoes,Bhutan,BTN,23358.89,1234.966136613527,28847438.138880346,94.3665806850386
Potatoes,Germany,DEU,458.0,5780.147011489692,2647307.331262279,1.850254612002012
Potatoes,Oman,OMN,364.0,1934.4078333352677,704124.4513340375,1.4705080322461406
Potatoes,Bangladesh,BGD,295.0,1420.6060378421685,419078.7811634397,1.191757883276405
Potatoes,Viet Nam,VNM,135.0,3003.948710326737,405533.0758941095,0.5453807262451346
Potatoes,Nepal,NPL,81.0,800.4339445742334,64835.1495105129,0.3272284357470807
Potatoes,Somalia,SOM,28.0,4487.162056851129,125640.53759183161,0.11311600248047236
Potatoes,Belgium,BEL,24.36,6413.584835634752,156234.92659606258,0.09841092215801095
Potatoes,Myanmar,MMR,7.0,2341.88616329966,16393.20314309762,0.02827900062011809
Potatoes,Chile,CHL,1.08,16920.67153311452,18274.325255763684,0.004363045809961076
Potatoes,Netherlands (Kingdom of the),NLD,1.02,6357.460004804903,6484.609204901001,0.004120654376074349
Refined sugar,Brazil,BRA,621682.13,14238.19804883822,8851633290.363588,51.75523212401819
Refined sugar,Thailand,THA,275594.24,2916.9713106501185,803900491.4604234,22.9433068363126
Refined sugar,United Arab Emirates,ARE,67289.1,2310.704343820168,155485215.6617497,5.601838659760532
Refined sugar,Pakistan,PAK,63484.0,682.729880538837,43342423.73612753,5.285062892448221
Refined sugar,Spain,ESP,37202.73,7275.224630476575,270658217.6169698,3.0971389298212184
Refined sugar,Myanmar,MMR,34310.0,2341.88616329966,80350114.26281133,2.8563182508962646
Refined sugar,Malaysia,MYS,14776.18,3838.8313141033054,56723262.48682698,1.2301216150547472
Refined sugar,France,FRA,14198.4,6588.053224994354,93539814.90975983,1.1820212490097792
Refined sugar,Germany,DEU,7547.48,5780.147011489692,43625543.96627822,0.6283300749715692
Refined sugar,"China, mainland",CHN,7450.3,3781.464195320433,28173042.694395825,0.6202398095206191
Refined sugar,Guatemala,GTM,7063.0,15028.209292593448,106144242.23358753,0.5879969631617697
Refined sugar,New Zealand,NZL,6346.48,12749.082110394997,80911794.63197963,0.528346448643198
Refined sugar,United Kingdom of Great Britain and Northern Ireland,GBR,6001.91,6714.340625937352,40298868.146219656,0.499660888173617
Refined sugar,Poland,POL,5566.63,5264.896657577059,29307731.680968184,0.4634236917804335
Refined sugar,Colombia,COL,5149.0,15276.23526463636,78657335.37761262,0.4286558634178044
Refined sugar,Austria,AUT,4003.01,5565.876795654235,22280260.471771862,0.33325183682658865
Refined sugar,United States of America,USA,3743.16,12048.513666060027,45099514.41424925,0.3116192429036684
Refined sugar,Republic of Korea,KOR,3370.6,4688.2752194273335,15802300.45460177,0.28060350616353685
Refined sugar,South Africa,ZAF,3336.66,7993.25660213344,26670779.574074563,0.27777799052857854
Refined sugar,Australia,AUS,2915.11,10354.14409830728,30183469.00241654,0.24268382093763363
Refined sugar,Denmark,DNK,2151.25,5846.974609763495,12578304.129253719,0.1790922365852693
Refined sugar,Belgium,BEL,1690.97,6413.584835634752,10845179.549513297,0.14077378235843943
Refined sugar,Italy,ITA,1291.79,5916.674095107869,7643100.429319394,0.10754192227704126
Refined sugar,Algeria,DZA,1000.01,6830.689369505322,6830757.676399018,0.08325114584898786
Refined sugar,Netherlands (Kingdom of the),NLD,820.07,6357.460004804903,5213562.226140358,0.06827108446553483
Refined sugar,Nepal,NPL,642.0,800.4339445742334,513878.59241665783,0.053446701168038534
Refined sugar,Canada,CAN,630.16,11339.239814279874,7145535.361366605,0.05246101745802361
Refined sugar,Türkiye,TUR,500.0,4218.907186700092,2109453.593350046,0.041625156672927204
Refined sugar,Indonesia,IDN,422.6,4993.546328004081,2110272.678214525,0.03518158241995808
Refined sugar,Saudi Arabia,SAU,288.0,3050.2928733853737,878484.3475349876,0.023976090243606068
Refined sugar,Singapore,SGP,266.79,4150.142844891839,1107216.6095886938,0.0222103510975405
Refined sugar,Democratic People's Republic of Korea,PRK,174.0,4576.879914516306,796377.1051258371,0.014485554522178666
Refined sugar,Israel,ISR,118.52000000000001,4065.628404436001,481858.27849375486,0.009866827137750665
Refined sugar,Japan,JPN,117.46,5842.232014440779,686228.5724162138,0.009778581805604057
Refined sugar,Ukraine,UKR,26.0,4579.187332744632,119058.87065136043,0.0021645081469922143
Refined sugar,Switzerland,CHE,18.580000000000002,6243.158569671946,115997.88622450476,0.001546790821965975
Refined sugar,Greece,GRC,4.5,5009.237571090582,22541.56906990762,0.0003746264100563448
Refined sugar,"China, Hong Kong SAR",HKG,1.0,3759.949352937716,3759.949352937716,8.325031334585441e-05
Refined sugar,United Republic of Tanzania,TZA,0.5,5888.53296257147,2944.266481285735,4.1625156672927204e-05
Refined sugar,Mauritius,MUS,0.49,5822.975607264603,2853.2580475596556,4.079265353946866e-05
Refined sugar,Czechia,CZE,0.45,5706.560394901874,2567.9521777058435,3.7462641005634485e-05
Refined sugar,Bahrain,BHR,0.4,2632.450908574484,1052.9803634297937,3.3300125338341766e-05
Refined sugar,Hungary,HUN,0.38,5364.760386864549,2038.6089470085287,3.1635119071424674e-05
Refined sugar,Sri Lanka,LKA,0.24,2428.9375693398165,582.945016641556,1.9980075203005056e-05
Refined sugar,Ireland,IRL,0.21000000000000002,7077.793107246976,1486.336552521865,1.7482565802629425e-05
Refined sugar,Lithuania,LTU,0.07,5032.259527391903,352.25816691743324,5.827521934209809e-06
Refined sugar,Mali,MLI,0.05,8875.902597477558,443.7951298738779,4.162515667292721e-06
Refined sugar,Nigeria,NGA,0.03,7578.188208003617,227.3456462401085,2.497509400375632e-06
Refined sugar,Russian Federation,RUS,0.02,4337.813911083233,86.75627822166466,1.665006266917088e-06
Refined sugar,Belarus,BLR,0.01,4872.203206271063,48.72203206271063,8.32503133458544e-07
Refined sugar,Uganda,UGA,0.01,5686.140306803077,56.86140306803077,8.32503133458544e-07
Rice,Nepal,NPL,303.67,800.4339445742334,243067.77594885745,48.66896385928359
Rice,United States of America,USA,202.98,12048.513666060027,2445607.3039368642,32.531452840772495
Rice,Viet Nam,VNM,62.94,3003.948710326737,189068.53182796482,10.087346742527444
Rice,Indonesia,IDN,22.06,4993.546328004081,110157.63199577003,3.535539706707268
Rice,Italy,ITA,12.600000000000001,5916.674095107869,74550.09359835916,2.0193925795336165
Rice,Saudi Arabia,SAU,12.0,3050.2928733853737,36603.514480624486,1.9232310281272536
Rice,Philippines,PHL,3.54,4752.271687366133,16823.041773276113,0.5673531532975398
Rice,Afghanistan,AFG,2.0,1002.9527124104854,2005.905424820971,0.3205385046878756
Rice,Republic of Korea,KOR,1.32,4688.2752194273335,6188.52328964408,0.21155541309399792
Rice,"China, mainland",CHN,0.36000000000000004,3781.464195320433,1361.327110315356,0.05769693084381761
Rice,Thailand,THA,0.28,2916.9713106501185,816.7519669820333,0.04487539065630259
Rice,Brazil,BRA,0.12,14238.19804883822,1708.5837658605863,0.019232310281272536
Rice,Bangladesh,BGD,0.04,1420.6060378421685,56.82424151368674,0.006410770093757513
Rice,Japan,JPN,0.03,5842.232014440779,175.26696043322335,0.004808077570318134
Rice,Malaysia,MYS,0.01,3838.8313141033054,38.38831314103305,0.0016026925234393782
Soya beans,Togo,TGO,1017459.81,8301.724543943055,8446671077.152638,29.264391496183755
Soya beans,Benin,BEN,653174.69,8144.460522743463,5319755477.160199,18.786746813673613
Soya beans,Niger,NER,407836.56999999995,7857.838600159797,3204713942.302773,11.730280580754094
Soya beans,Ethiopia,ETH,361688.74,4557.245264061662,1648304297.4294298,10.402967058837849
Soya beans,Mozambique,MOZ,324578.3,7716.397734599136,2504575258.820039,9.335588835067382
Soya beans,United Republic of Tanzania,TZA,207382.45,5888.53296257147,1221178392.6838298,5.964777327408886
Soya beans,Burkina Faso,BFA,125054.98,8281.2932918483,1035616966.9862233,3.596857445668964
Soya beans,Malawi,MWI,109635.41,6646.911286747213,728736844.1561583,3.1533565537931367
Soya beans,United Arab Emirates,ARE,89044.65,2310.704343820168,205755859.54894653,2.561120815416442
Soya beans,Djibouti,DJI,35775.6,4007.029620374413,143353888.88666683,1.028985276981969
Soya beans,Ghana,GHA,28042.03,8490.148944042125,238081011.39329758,0.8065507219078557
Soya beans,Singapore,SGP,25536.14,4150.142844891839,105978628.70715627,0.7344757905094628
Soya beans,Myanmar,MMR,16599.989999999998,2341.88616329966,38875286.89191272,0.47745237838213517
Soya beans,Nigeria,NGA,16150.37,7578.188208003617,122390543.48889537,0.46452031406353167
Soya beans,Zambia,ZMB,15888.45,7190.538312063472,114246508.44430488,0.4569869163358313
Soya beans,Sudan,SDN,14656.97,4796.807498346663,70306663.59904209,0.4215668314484288
Soya beans,Uganda,UGA,11570.279999999999,5686.140306803077,65790235.46899749,0.33278680918164716
Soya beans,United States of America,USA,5312.96,12048.513666060027,64013271.167230286,0.15281246484179503
Soya beans,Ukraine,UKR,1976.97,4579.187332744632,9052915.981216155,0.05686202392231139
Soya beans,Madagascar,MDG,1816.36,6170.132996692938,11207182.769873183,0.052242525567676557
Soya beans,Switzerland,CHE,1456.87,6243.158569671946,9095470.425397966,0.04190279912780557
Soya beans,Côte d'Ivoire,CIV,1203.99,8914.685559015084,10733192.266198572,0.03462941176761594
Soya beans,Mali,MLI,1058.75,8875.902597477558,9397361.875079364,0.030451988562166944
Soya beans,Canada,CAN,589.0,11339.239814279874,6678812.250610846,0.016940940980511292
Soya beans,Türkiye,TUR,560.0,4218.907186700092,2362588.0245520514,0.016106836925443672
Soya beans,Kenya,KEN,556.4,5433.987898014537,3023470.866455288,0.016003292973780104
Soya beans,Mauritius,MUS,502.08,5822.975607264603,2923599.592895412,0.014440929792012069
Soya beans,Israel,ISR,325.0,4065.628404436001,1321329.2314417004,0.009347717858516416
Soya beans,Cameroon,CMR,258.0,7437.197470355537,1918796.9473517286,0.007420649869222263
Soya beans,United Kingdom of Great Britain and Northern Ireland,GBR,229.7,6714.340625937352,1542284.0417778098,0.006606679360311449
Soya beans,"China, mainland",CHN,213.0,3781.464195320433,805451.8736032522,0.006126350473427682
Soya beans,Japan,JPN,140.0,5842.232014440779,817912.482021709,0.004026709231360918
Soya beans,Malaysia,MYS,125.0,3838.8313141033054,479853.91426291317,0.003595276099429391
Soya beans,Gambia,GMB,113.0,9663.550103308213,1091981.161673828,0.0032501295938841697
Soya beans,Viet Nam,VNM,106.08,3003.948710326737,318658.87919146026,0.0030510951090197587
Soya beans,"China, Hong Kong SAR",HKG,62.13,3759.949352937716,233605.6532980203,0.0017869960324603845
Soya beans,Costa Rica,CRI,50.0,15275.390684051625,763769.5342025813,0.0014381104397717564
Soya beans,Netherlands (Kingdom of the),NLD,21.1,6357.460004804903,134142.40610138347,0.0006068826055836813
Soya beans,Nepal,NPL,19.0,800.4339445742334,15208.244946910434,0.0005464819671132674
Soya beans,Indonesia,IDN,10.0,4993.546328004081,49935.463280040814,0.0002876220879543513
Soya beans,"China, Taiwan Province of",TWN,2.02,4389.463591265317,8866.71645435594,5.8099661766778956e-05
Soya beans,Republic of Korea,KOR,1.5,4688.2752194273335,7032.412829141,4.31433131931527e-05
Soya beans,Australia,AUS,0.1,10354.14409830728,1035.4144098307281,2.8762208795435132e-06
Tea leaves,Nepal,NPL,177667.34,800.4339445742334,142210969.77821147,31.796025771935376
Tea leaves,Kenya,KEN,113650.04000000001,5433.987898014537,617572941.968868,20.339245248009494
Tea leaves,Viet Nam,VNM,79288.38,3003.948710326737,238178226.84489626,14.18975132905691
Tea leaves,Indonesia,IDN,43129.38,4993.546328004081,215368557.12809265,7.718598578712296
Tea leaves,Iran (Islamic Republic of),IRN,33332.3,2542.2091304770397,84737677.39979984,5.96527572168234
Tea leaves,Argentina,ARG,27125.7,15803.099696243316,428670141.4303873,4.854518879394421
Tea leaves,Sri Lanka,LKA,20885.55,2428.9375693398165,50729697.0513252,3.7377578009613077
Tea leaves,"China, mainland",CHN,17951.36,3781.464195320433,67882425.09730741,3.2126439513378764
Tea leaves,Malawi,MWI,9275.54,6646.911286747213,61653691.51667525,1.6599860665928667
Tea leaves,United States of America,USA,4263.63,12048.513666060027,51370404.32202352,0.7630355098578998
Tea leaves,United Kingdom of Great Britain and Northern Ireland,GBR,3843.45,6714.340625937352,25806232.478758916,0.6878384921682569
Tea leaves,Papua New Guinea,PNG,3787.0,8604.206509756355,32584130.05244732,0.6777359845558518
Tea leaves,Zimbabwe,ZWE,3531.4,7161.042887638529,25288506.8534067,0.6319928322842713
Tea leaves,United Arab Emirates,ARE,3462.53,2310.704343820168,8000883.1116076475,0.6196675940333176
Tea leaves,Türkiye,TUR,2657.43,4218.907186700092,11211450.525152424,0.47558382293061985
Tea leaves,United Republic of Tanzania,TZA,2595.6,5888.53296257147,15284276.157650508,0.4645184899691494
Tea leaves,Mozambique,MOZ,1756.54,7716.397734599136,13554161.276732767,0.31435710755525115
Tea leaves,Bangladesh,BGD,1727.35,1420.6060378421685,2453883.8394666696,0.3091331536632032
Tea leaves,Germany,DEU,1335.21,5780.147011489692,7717710.091211152,0.23895428147314998
Tea leaves,Malaysia,MYS,998.95,3838.8313141033054,3834800.541223497,0.17877590751837028
Tea leaves,Oman,OMN,886.0,1934.4078333352677,1713885.340335047,0.15856194410258379
Tea leaves,Brazil,BRA,731.02,14238.19804883822,10408407.537661714,0.13082613135199864
Tea leaves,Rwanda,RWA,589.22,6061.655320904235,3571648.5481831934,0.10544906174280406
Tea leaves,South Africa,ZAF,526.81,7993.25660213344,4210927.510569917,0.09427992976600694
Tea leaves,Australia,AUS,455.16,10354.14409830728,4712792.227785543,0.08145717209676301
Tea leaves,"China, Taiwan Province of",TWN,426.1,4389.463591265317,1870350.4362381515,0.07625648350125389
Tea leaves,Uganda,UGA,357.95,5686.140306803077,2035353.9228201613,0.06406009920036101
Tea leaves,Netherlands (Kingdom of the),NLD,310.35,6357.460004804903,1973037.712491202,0.05554142139078654
Tea leaves,Japan,JPN,231.19,5842.232014440779,1350665.6194185636,0.04137464543688075
Tea leaves,Republic of Korea,KOR,178.47,4688.2752194273335,836716.4784111961,0.03193967287131842
Tea leaves,Switzerland,CHE,170.03,6243.158569671946,1061524.251601321,0.030429218234494716
Tea leaves,Myanmar,MMR,162.0,2341.88616329966,379385.5584545449,0.028992138763677847
Tea leaves,Russian Federation,RUS,155.35999999999999,4337.813911083233,673922.769225891,0.027803819002006108
Tea leaves,Italy,ITA,144.24,5916.674095107869,853421.071478359,0.025813741328845015
Tea leaves,Saudi Arabia,SAU,101.38,3050.2928733853737,309238.6915038092,0.018143352023837406
Tea leaves,Jordan,JOR,101.02,3957.6955468454776,399806.4041423301,0.01807892504880701
Tea leaves,Singapore,SGP,73.53,4150.142844891839,305160.0033848969,0.013159209649958224
Tea leaves,Venezuela (Bolivarian Republic of),VEN,67.0,14199.122494685576,951341.2071439336,0.011990575908434664
Tea leaves,Thailand,THA,64.7,2916.9713106501185,188728.04379906267,0.011578959123518251
Tea leaves,Greece,GRC,63.0,5009.237571090582,315581.96697870665,0.011274720630319162
Tea leaves,Grenada,GRD,58.0,13696.930821642596,794421.9876552706,0.010379901532674785
Tea leaves,Belgium,BEL,52.17,6413.584835634752,334596.720875065,0.00933654246482144
Tea leaves,Croatia,HRV,43.9,5601.706360693636,245914.90923445064,0.007856511677317638
Tea leaves,Slovenia,SVN,42.0,5713.59590750485,239971.02811520372,0.007516480420212774
Tea leaves,Côte d'Ivoire,CIV,37.0,8914.685559015084,329843.3656835581,0.0066216613225683965
Tea leaves,Georgia,GEO,35.0,3259.3031745164394,114075.61110807538,0.006263733683510645
Tea leaves,Czechia,CZE,33.51,5706.560394901874,191226.8388331618,0.005997077592412621
Tea leaves,Guinea,GIN,27.0,9785.26565602836,264202.1727127657,0.004832023127279641
Tea leaves,New Zealand,NZL,27.0,12749.082110394997,344225.21698066493,0.004832023127279641
Tea leaves,Sweden,SWE,26.6,5569.000083685222,148135.40222602693,0.004760437599468091
Tea leaves,Guinea-Bissau,GNB,26.0,9653.61883295516,250994.08965683417,0.004653059307750765
Tea leaves,Senegal,SEN,26.0,9676.778248234616,251596.23445410002,0.004653059307750765
Tea leaves,France,FRA,25.96,6588.053224994354,171025.86172085346,0.00464590075496961
Tea leaves,Antigua and Barbuda,ATG,25.0,13288.35083099212,332208.770774803,0.00447409548822189
Tea leaves,Bulgaria,BGR,25.0,5024.842088029114,125621.05220072785,0.00447409548822189
Tea leaves,Ghana,GHA,25.0,8490.148944042125,212253.72360105312,0.00447409548822189
Tea leaves,Spain,ESP,23.0,7275.224630476575,167330.16650096123,0.004116167849164139
Tea leaves,Jamaica,JAM,22.18,14130.371805788029,313411.6466523785,0.003969417517150461
Tea leaves,Poland,POL,19.84,5264.896657577059,104455.54968632886,0.003550642179452892
Tea leaves,Colombia,COL,19.0,15276.23526463636,290248.4700280908,0.003400312571048636
Tea leaves,Finland,FIN,13.68,5215.952945243741,71354.23629093438,0.002448225051155018
Tea leaves,Burundi,BDI,11.6,6225.419735211545,72214.86892845393,0.0020759803065349565
Tea leaves,Austria,AUT,10.64,5565.876795654235,59220.92910576107,0.0019041750397872361
Tea leaves,Ethiopia,ETH,10.19,4557.245264061662,46438.329240788335,0.001823641320999242
Tea leaves,Bhutan,BTN,9.02,1234.966136613527,11139.394552254013,0.0016142536521504577
Tea leaves,Chile,CHL,8.0,16920.67153311452,135365.37226491616,0.0014317105562310047
Tea leaves,"China, Hong Kong SAR",HKG,6.71,3759.949352937716,25229.260158212073,0.001200847229038755
Tea leaves,Egypt,EGY,6.45,4428.472173909593,28563.645521716877,0.0011543166359612477
Tea leaves,Qatar,QAT,5.65,2568.42663827716,14511.610506265954,0.001011145580338147
Tea leaves,Barbados,BRB,4.0,13454.700907216173,53818.80362886469,0.0007158552781155024
Tea leaves,Lithuania,LTU,2.0,5032.259527391903,10064.519054783806,0.0003579276390577512
Tea leaves,Nigeria,NGA,2.0,7578.188208003617,15156.376416007233,0.0003579276390577512
Tea leaves,Albania,ALB,1.0,5317.453750775707,5317.453750775707,0.0001789638195288756
Tea leaves,Israel,ISR,1.0,4065.628404436001,4065.628404436001,0.0001789638195288756
Tea leaves,Sierra Leone,SLE,1.0,9604.522169438764,9604.522169438764,0.0001789638195288756
Tea leaves,Pakistan,PAK,0.3,682.729880538837,204.8189641616511,5.368914585866268e-05
Tea leaves,Sudan,SDN,0.3,4796.807498346663,1439.0422495039988,5.368914585866268e-05
Tea leaves,Morocco,MAR,0.15000000000000002,7775.268819976928,1166.2903229965393,2.6844572929331343e-05
Tea leaves,Denmark,DNK,0.08,5846.974609763495,467.7579687810796,1.4317105562310048e-05
Tea leaves,Azerbaijan,AZE,0.02,2808.9519006469004,56.17903801293801,3.579276390577512e-06
Tomatoes,Italy,ITA,323.0,5916.674095107869,1911085.7327198416,86.39135551513854
Tomatoes,Nepal,NPL,37.19,800.4339445742334,29768.138398715735,9.947041831603723
Tomatoes,Thailand,THA,5.0,2916.9713106501185,14584.856553250593,1.3373274847544667
Tomatoes,"China, Taiwan Province of",TWN,3.0,4389.463591265317,13168.390773795949,0.80239649085268
Tomatoes,United Kingdom of Great Britain and Northern Ireland,GBR,2.0,6714.340625937352,13428.681251874705,0.5349309939017867
Tomatoes,Netherlands (Kingdom of the),NLD,1.69,6357.460004804903,10744.107408120286,0.4520166898470097
Tomatoes,United Arab Emirates,ARE,1.0,2310.704343820168,2310.704343820168,0.26746549695089333
Tomatoes,United States of America,USA,1.0,12048.513666060027,12048.513666060027,0.26746549695089333
Wheat,Australia,AUS,4803186.9,10354.14409830728,49732889293.70184,29.433131651754923
Wheat,Ukraine,UKR,4025472.0300000003,4579.187332744632,18433390528.09382,24.667424084506713
Wheat,Russian Federation,RUS,3440383.03,4337.813911083233,14923741366.988682,21.082095858991764
Wheat,Canada,CAN,1621564.0,11339.239814279874,18387303070.20293,9.936674896774537
Wheat,Argentina,ARG,566216.0,15803.099696243316,8947967897.608105,3.469677615778404
Wheat,Bulgaria,BGR,529831.3200000001,5024.842088029114,2662318716.292022,3.2467183391891514
Wheat,France,FRA,425555.0,6588.053224994354,2803578990.1624727,2.607730367532141
Wheat,Hungary,HUN,257772.0,5364.760386864549,1382885014.4428487,1.579584007471408
Wheat,Romania,ROU,252289.0,4803.843905463052,1211956975.065368,1.5459850940402915
Wheat,Brazil,BRA,95248.0,14238.19804883822,1356159887.7557428,0.5836639260417604
Wheat,Czechia,CZE,70600.0,5706.560394901874,402883163.8800723,0.4326250753669188
Wheat,Pakistan,PAK,53094.0,682.729880538837,36248860.27732901,0.32535121461092337
Wheat,Lithuania,LTU,52562.18,5032.259527391903,264506531.08548814,0.32209230997095684
Wheat,Republic of Moldova,MDA,45707.96000000001,4624.782329273415,211389365.7151361,0.28009078810011495
Wheat,Iran (Islamic Republic of),IRN,41911.0,2542.2091304770397,106546526.8674232,0.25682364778616057
Wheat,Kazakhstan,KAZ,29870.0,2553.3734052401,76269263.61452179,0.1830383994505647
Wheat,Türkiye,TUR,3375.33,4218.907186700092,14240203.99448442,0.020683461694592384
Wheat,United States of America,USA,1000.44,12048.513666060027,12053815.012073094,0.006130530175638531
Wheat,Nepal,NPL,871.0,800.4339445742334,697177.9657241573,0.005337343351906321
Wheat,United Kingdom of Great Britain and Northern Ireland,GBR,786.7,6714.340625937352,5282171.7704249155,0.004820766951716077
Wheat,Austria,AUT,753.0,5565.876795654235,4191105.227127639,0.0046142589483185534
Wheat,Bangladesh,BGD,673.0,1420.6060378421685,956067.8634677794,0.004124032234021762
Wheat,Viet Nam,VNM,147.0,3003.948710326737,441580.4604180303,0.000900791587520355
Wheat,Sri Lanka,LKA,48.0,2428.9375693398165,116589.0033283112,0.00029413602857807515
Wheat,Mexico,MEX,36.9,14659.908762023892,540950.6333186816,0.00022611707196939522
Wheat,Italy,ITA,22.15,5916.674095107869,131054.3312066393,0.00013573152152092426
Wheat,New Zealand,NZL,4.0,12749.082110394997,50996.328441579986,2.4511335714839594e-05
Wheat,Morocco,MAR,0.1,7775.268819976928,777.5268819976928,6.127833928709899e-07
Wheat,Lebanon,LBN,0.07,3981.615575367569,278.7130902757298,4.28948375009693e-07
