finding_type,food,value,unit
Highest weighted import distance,"Almonds, in shell",11612.49,km
Highest weighted import distance,"Lentils, dry",10938.25,km
Highest weighted import distance,Refined sugar,9125.9,km
Highest weighted import distance,Kiwi fruit,8163.99,km
Highest weighted import distance,"Cashew nuts, in shell",8142.11,km
Highest total import Food Miles,Palm oil,727.811,billion tonne-km
Highest total import Food Miles,"Cashew nuts, in shell",148.439,billion tonne-km
Highest total import Food Miles,"Lentils, dry",133.893,billion tonne-km
Highest total import Food Miles,Wheat,120.979,billion tonne-km
Highest total import Food Miles,"Chick peas, dry",71.543,billion tonne-km
Most source countries,"Cashew nuts, in shell",92.0,countries
Most source countries,Palm oil,82.0,countries
Most source countries,Tea leaves,80.0,countries
Most source countries,Apples,79.0,countries
Most source countries,"Chick peas, dry",78.0,countries
Highest average import dependency,"Almonds, in shell",93.85,%
Highest average import dependency,Kiwi fruit,73.12,%
Highest average import dependency,"Cashew nuts, in shell",52.67,%
Highest average import dependency,"Coffee, green",32.58,%
Highest average import dependency,"Lentils, dry",31.61,%
